12/10/2012 14:41,47.64132029,-122.1406192,20.85154604,12/10/2012 2:41:31 PM -08:00
12/10/2012 14:41,47.64132264,-122.1406041,23.73663986,12/10/2012 2:41:32 PM -08:00
12/10/2012 14:41,47.64133165,-122.140574,22.73889713,12/10/2012 2:41:33 PM -08:00
12/10/2012 14:41,47.64121535,-122.1405187,18.09933855,12/10/2012 2:41:34 PM -08:00
12/10/2012 14:41,47.64123425,-122.1405111,11.05256457,12/10/2012 2:41:35 PM -08:00
12/10/2012 14:41,47.64124519,-122.1405007,8.931820983,12/10/2012 2:41:36 PM -08:00
12/10/2012 14:41,47.64124959,-122.1404852,6.954499591,12/10/2012 2:41:37 PM -08:00
12/10/2012 14:41,47.64125613,-122.1404683,6.954499591,12/10/2012 2:41:38 PM -08:00
12/10/2012 14:41,47.64126333,-122.140453,5.692941186,12/10/2012 2:41:39 PM -08:00
12/10/2012 14:41,47.64126648,-122.1404315,5.692941186,12/10/2012 2:41:40 PM -08:00
12/10/2012 14:41,47.64126983,-122.1404107,5.692941186,12/10/2012 2:41:41 PM -08:00
12/10/2012 14:41,47.64127243,-122.1403882,5.692941186,12/10/2012 2:41:42 PM -08:00
12/10/2012 14:41,47.64127297,-122.1403656,6.954499591,12/10/2012 2:41:43 PM -08:00
12/10/2012 14:41,47.64127155,-122.1403414,5.692941186,12/10/2012 2:41:44 PM -08:00
12/10/2012 14:41,47.6412697,-122.1403186,5.692941186,12/10/2012 2:41:45 PM -08:00
12/10/2012 14:41,47.6412682,-122.1402952,6.954499591,12/10/2012 2:41:46 PM -08:00
12/10/2012 14:41,47.6412656,-122.1402683,6.954499591,12/10/2012 2:41:47 PM -08:00
12/10/2012 14:41,47.64126463,-122.140249,5.692941186,12/10/2012 2:41:48 PM -08:00
12/10/2012 14:41,47.64126359,-122.1402284,5.692941186,12/10/2012 2:41:49 PM -08:00
12/10/2012 14:41,47.64126048,-122.1402057,5.692941186,12/10/2012 2:41:50 PM -08:00
12/10/2012 14:41,47.64125885,-122.1401838,5.692941186,12/10/2012 2:41:51 PM -08:00
12/10/2012 14:41,47.64125583,-122.1401611,5.692941186,12/10/2012 2:41:52 PM -08:00
12/10/2012 14:41,47.64125483,-122.1401426,5.692941186,12/10/2012 2:41:53 PM -08:00
12/10/2012 14:41,47.64125248,-122.1401211,5.692941186,12/10/2012 2:41:54 PM -08:00
12/10/2012 14:41,47.64125181,-122.1401012,5.692941186,12/10/2012 2:41:55 PM -08:00
12/10/2012 14:41,47.64125152,-122.1400863,5.692941186,12/10/2012 2:41:56 PM -08:00
12/10/2012 14:41,47.6412511,-122.1400703,6.954499591,12/10/2012 2:41:57 PM -08:00
12/10/2012 14:41,47.64124611,-122.1400472,5.692941186,12/10/2012 2:41:58 PM -08:00
12/10/2012 14:41,47.64124326,-122.1400276,5.692941186,12/10/2012 2:41:59 PM -08:00
12/10/2012 14:42,47.64124167,-122.1400104,5.692941186,12/10/2012 2:42:00 PM -08:00
12/10/2012 14:42,47.6412379,-122.1399882,3.994431776,12/10/2012 2:42:01 PM -08:00
12/10/2012 14:42,47.64123479,-122.1399702,5.692941186,12/10/2012 2:42:02 PM -08:00
12/10/2012 14:42,47.64123207,-122.1399548,5.692941186,12/10/2012 2:42:03 PM -08:00
12/10/2012 14:42,47.64123102,-122.1399376,3.994431776,12/10/2012 2:42:04 PM -08:00
12/10/2012 14:42,47.64122901,-122.1399212,5.692941186,12/10/2012 2:42:05 PM -08:00
12/10/2012 14:42,47.64122683,-122.139903,3.994431776,12/10/2012 2:42:06 PM -08:00
12/10/2012 14:42,47.64122549,-122.1398871,5.692941186,12/10/2012 2:42:07 PM -08:00
12/10/2012 14:42,47.64122365,-122.1398715,5.692941186,12/10/2012 2:42:08 PM -08:00
12/10/2012 14:42,47.64122205,-122.1398522,5.692941186,12/10/2012 2:42:09 PM -08:00
12/10/2012 14:42,47.64122109,-122.1398369,3.994431776,12/10/2012 2:42:10 PM -08:00
12/10/2012 14:42,47.64122,-122.1398196,5.692941186,12/10/2012 2:42:11 PM -08:00
12/10/2012 14:42,47.64121941,-122.1398038,5.692941186,12/10/2012 2:42:12 PM -08:00
12/10/2012 14:42,47.64121564,-122.1397816,3.994431776,12/10/2012 2:42:13 PM -08:00
12/10/2012 14:42,47.64121262,-122.1397625,3.994431776,12/10/2012 2:42:14 PM -08:00
12/10/2012 14:42,47.64120822,-122.1397407,5.692941186,12/10/2012 2:42:15 PM -08:00
12/10/2012 14:42,47.64120382,-122.1397205,5.692941186,12/10/2012 2:42:16 PM -08:00
12/10/2012 14:42,47.64120093,-122.1397022,6.954499591,12/10/2012 2:42:17 PM -08:00
12/10/2012 14:42,47.64119867,-122.139686,9.809766572,12/10/2012 2:42:18 PM -08:00
12/10/2012 14:42,47.64119691,-122.1396714,8.051034635,12/10/2012 2:42:19 PM -08:00
12/10/2012 14:42,47.64119599,-122.1396568,8.051034635,12/10/2012 2:42:20 PM -08:00
12/10/2012 14:42,47.64119464,-122.1396416,8.051034635,12/10/2012 2:42:21 PM -08:00
12/10/2012 14:42,47.64119288,-122.1396273,8.051034635,12/10/2012 2:42:22 PM -08:00
12/10/2012 14:42,47.64119318,-122.1396142,8.051034635,12/10/2012 2:42:23 PM -08:00
12/10/2012 14:42,47.64119188,-122.1395975,8.051034635,12/10/2012 2:42:24 PM -08:00
12/10/2012 14:42,47.64120303,-122.139587,6.954499591,12/10/2012 2:42:25 PM -08:00
12/10/2012 14:42,47.6412068,-122.1395748,8.051034635,12/10/2012 2:42:26 PM -08:00
12/10/2012 14:42,47.64121346,-122.1395636,8.051034635,12/10/2012 2:42:27 PM -08:00
12/10/2012 14:42,47.64121983,-122.1395538,9.809766572,12/10/2012 2:42:28 PM -08:00
12/10/2012 14:42,47.64122096,-122.1395347,9.809766572,12/10/2012 2:42:29 PM -08:00
12/10/2012 14:42,47.64122122,-122.1395181,8.051034635,12/10/2012 2:42:30 PM -08:00
12/10/2012 14:42,47.6412003,-122.1394931,8.051034635,12/10/2012 2:42:31 PM -08:00
12/10/2012 14:42,Mark,,,
12/10/2012 14:42,47.64118974,-122.1394808,8.051034635,12/10/2012 2:42:32 PM -08:00
12/10/2012 14:42,47.6411845,-122.1394738,6.990255609,12/10/2012 2:42:33 PM -08:00
12/10/2012 14:42,47.64118144,-122.1394696,5.692941186,12/10/2012 2:42:34 PM -08:00
12/10/2012 14:42,47.64117721,-122.1394619,6.990255609,12/10/2012 2:42:35 PM -08:00
12/10/2012 14:42,47.64117428,-122.1394549,5.692941186,12/10/2012 2:42:36 PM -08:00
12/10/2012 14:42,47.64117273,-122.139451,6.990255609,12/10/2012 2:42:37 PM -08:00
12/10/2012 14:42,47.6411721,-122.1394498,6.990255609,12/10/2012 2:42:38 PM -08:00
12/10/2012 14:42,47.64117214,-122.1394518,6.990255609,12/10/2012 2:42:39 PM -08:00
12/10/2012 14:42,47.64117344,-122.1394575,5.692941186,12/10/2012 2:42:40 PM -08:00
12/10/2012 14:42,47.64117453,-122.139464,5.692941186,12/10/2012 2:42:41 PM -08:00
12/10/2012 14:42,47.64117583,-122.1394706,5.692941186,12/10/2012 2:42:42 PM -08:00
12/10/2012 14:42,47.64117838,-122.139477,5.692941186,12/10/2012 2:42:43 PM -08:00
12/10/2012 14:42,47.64117822,-122.1394788,5.692941186,12/10/2012 2:42:44 PM -08:00
12/10/2012 14:42,47.64117763,-122.1394787,6.990255609,12/10/2012 2:42:45 PM -08:00
12/10/2012 14:42,47.64117683,-122.1394777,8.051034635,12/10/2012 2:42:46 PM -08:00
12/10/2012 14:42,47.64117599,-122.1394771,10.59183674,12/10/2012 2:42:47 PM -08:00
12/10/2012 14:42,47.6411752,-122.1394765,11.98329533,12/10/2012 2:42:48 PM -08:00
12/10/2012 14:42,47.64117495,-122.1394753,13.02025462,12/10/2012 2:42:49 PM -08:00
12/10/2012 14:42,47.64117511,-122.1394744,14.69345634,12/10/2012 2:42:50 PM -08:00
12/10/2012 14:42,47.64117532,-122.1394738,13.02025462,12/10/2012 2:42:51 PM -08:00
12/10/2012 14:42,47.64117566,-122.1394735,11.98329533,12/10/2012 2:42:52 PM -08:00
12/10/2012 14:42,47.64117775,-122.139478,10.59183674,12/10/2012 2:42:53 PM -08:00
12/10/2012 14:42,47.64118157,-122.1394749,10.59183674,12/10/2012 2:42:54 PM -08:00
12/10/2012 14:42,47.64118547,-122.1394658,8.987471497,12/10/2012 2:42:55 PM -08:00
12/10/2012 14:42,47.64118832,-122.1394592,10.59183674,12/10/2012 2:42:56 PM -08:00
12/10/2012 14:42,47.64118978,-122.1394539,11.98329533,12/10/2012 2:42:57 PM -08:00
12/10/2012 14:42,47.64118949,-122.1394522,11.98329533,12/10/2012 2:42:58 PM -08:00
12/10/2012 14:43,47.64118718,-122.1394451,8.987471497,12/10/2012 2:42:59 PM -08:00
12/10/2012 14:43,47.64118383,-122.1394438,10.59183674,12/10/2012 2:43:00 PM -08:00
12/10/2012 14:43,47.64118304,-122.1394454,10.59183674,12/10/2012 2:43:01 PM -08:00
12/10/2012 14:43,47.64118287,-122.1394467,11.98329533,12/10/2012 2:43:02 PM -08:00
12/10/2012 14:43,47.64118241,-122.13945,10.59183674,12/10/2012 2:43:03 PM -08:00
12/10/2012 14:43,47.64118102,-122.1394507,8.987471497,12/10/2012 2:43:04 PM -08:00
12/10/2012 14:43,47.64117939,-122.139453,8.987471497,12/10/2012 2:43:05 PM -08:00
12/10/2012 14:43,47.64117746,-122.1394575,8.987471497,12/10/2012 2:43:06 PM -08:00
12/10/2012 14:43,47.64117591,-122.1394602,8.987471497,12/10/2012 2:43:07 PM -08:00
12/10/2012 14:43,47.64117545,-122.1394631,8.987471497,12/10/2012 2:43:08 PM -08:00
12/10/2012 14:43,47.64117511,-122.1394647,8.987471497,12/10/2012 2:43:09 PM -08:00
12/10/2012 14:43,47.64117662,-122.1394664,8.987471497,12/10/2012 2:43:10 PM -08:00
12/10/2012 14:43,47.64117792,-122.139467,8.987471497,12/10/2012 2:43:11 PM -08:00
12/10/2012 14:43,47.64117847,-122.1394658,8.987471497,12/10/2012 2:43:12 PM -08:00
12/10/2012 14:43,47.64117876,-122.1394653,8.987471497,12/10/2012 2:43:13 PM -08:00
12/10/2012 14:43,47.64117922,-122.1394658,8.051034635,12/10/2012 2:43:14 PM -08:00
12/10/2012 14:43,47.64117972,-122.1394662,8.051034635,12/10/2012 2:43:15 PM -08:00
12/10/2012 14:43,47.64118002,-122.1394666,6.990255609,12/10/2012 2:43:16 PM -08:00
12/10/2012 14:43,47.64118023,-122.1394668,8.051034635,12/10/2012 2:43:17 PM -08:00
12/10/2012 14:43,47.64118031,-122.139467,8.051034635,12/10/2012 2:43:18 PM -08:00
12/10/2012 14:43,47.6411804,-122.1394671,10.59183674,12/10/2012 2:43:19 PM -08:00
12/10/2012 14:43,47.64118044,-122.1394671,8.051034635,12/10/2012 2:43:20 PM -08:00
12/10/2012 14:43,47.64118044,-122.1394672,8.051034635,12/10/2012 2:43:21 PM -08:00
12/10/2012 14:43,47.64118044,-122.1394673,8.987471497,12/10/2012 2:43:22 PM -08:00
12/10/2012 14:43,47.6411804,-122.1394673,8.051034635,12/10/2012 2:43:23 PM -08:00
12/10/2012 14:43,47.6411804,-122.1394673,6.990255609,12/10/2012 2:43:24 PM -08:00
12/10/2012 14:43,47.64118035,-122.1394673,6.990255609,12/10/2012 2:43:25 PM -08:00
12/10/2012 14:43,47.64118031,-122.1394673,6.990255609,12/10/2012 2:43:26 PM -08:00
12/10/2012 14:43,47.64118031,-122.1394673,6.990255609,12/10/2012 2:43:27 PM -08:00
12/10/2012 14:43,47.64118027,-122.1394673,6.990255609,12/10/2012 2:43:28 PM -08:00
12/10/2012 14:43,47.64118027,-122.1394673,5.692941186,12/10/2012 2:43:29 PM -08:00
12/10/2012 14:43,47.64118027,-122.1394673,5.692941186,12/10/2012 2:43:30 PM -08:00
12/10/2012 14:43,47.64118031,-122.1394672,5.692941186,12/10/2012 2:43:31 PM -08:00
12/10/2012 14:43,47.64118035,-122.1394671,5.692941186,12/10/2012 2:43:32 PM -08:00
12/10/2012 14:43,47.64118044,-122.1394669,5.692941186,12/10/2012 2:43:33 PM -08:00
12/10/2012 14:43,47.64118052,-122.1394668,5.692941186,12/10/2012 2:43:34 PM -08:00
12/10/2012 14:43,Mark,,,
12/10/2012 14:43,47.64118056,-122.1394667,8.051034635,12/10/2012 2:43:35 PM -08:00
12/10/2012 14:43,47.64118031,-122.1394645,8.051034635,12/10/2012 2:43:36 PM -08:00
12/10/2012 14:43,47.64117734,-122.1394539,6.990255609,12/10/2012 2:43:37 PM -08:00
12/10/2012 14:43,47.64117532,-122.1394378,8.051034635,12/10/2012 2:43:38 PM -08:00
12/10/2012 14:43,47.6411731,-122.1394204,8.051034635,12/10/2012 2:43:39 PM -08:00
12/10/2012 14:43,47.64117109,-122.1393997,8.051034635,12/10/2012 2:43:40 PM -08:00
12/10/2012 14:43,47.64116958,-122.1393736,8.051034635,12/10/2012 2:43:41 PM -08:00
12/10/2012 14:43,47.64116728,-122.1393499,8.051034635,12/10/2012 2:43:42 PM -08:00
12/10/2012 14:43,47.64116363,-122.1393231,8.051034635,12/10/2012 2:43:43 PM -08:00
12/10/2012 14:43,47.64115764,-122.1392886,8.051034635,12/10/2012 2:43:44 PM -08:00
12/10/2012 14:43,47.64115202,-122.1392527,8.051034635,12/10/2012 2:43:45 PM -08:00
12/10/2012 14:43,47.6411488,-122.139221,8.051034635,12/10/2012 2:43:46 PM -08:00
12/10/2012 14:43,47.64114758,-122.1391891,8.051034635,12/10/2012 2:43:47 PM -08:00
12/10/2012 14:43,47.64114595,-122.1391616,9.809766572,12/10/2012 2:43:48 PM -08:00
12/10/2012 14:43,47.64114268,-122.1391388,8.051034635,12/10/2012 2:43:49 PM -08:00
12/10/2012 14:43,47.64114142,-122.1391163,8.051034635,12/10/2012 2:43:50 PM -08:00
12/10/2012 14:43,47.64114012,-122.139093,8.051034635,12/10/2012 2:43:51 PM -08:00
12/10/2012 14:43,47.64113551,-122.1390733,8.051034635,12/10/2012 2:43:52 PM -08:00
12/10/2012 14:43,47.64113321,-122.1390537,8.051034635,12/10/2012 2:43:53 PM -08:00
12/10/2012 14:43,47.64112901,-122.1390327,6.954499591,12/10/2012 2:43:54 PM -08:00
12/10/2012 14:43,47.64112072,-122.1390083,5.692941186,12/10/2012 2:43:55 PM -08:00
12/10/2012 14:43,47.64111435,-122.1389842,6.954499591,12/10/2012 2:43:56 PM -08:00
12/10/2012 14:43,47.64110504,-122.1389607,8.051034635,12/10/2012 2:43:57 PM -08:00
12/10/2012 14:43,47.64110504,-122.1389438,5.692941186,12/10/2012 2:43:58 PM -08:00
12/10/2012 14:44,47.6411006,-122.1389219,5.692941186,12/10/2012 2:43:59 PM -08:00
12/10/2012 14:44,47.64109595,-122.1389017,5.692941186,12/10/2012 2:44:00 PM -08:00
12/10/2012 14:44,47.64109423,-122.1388776,5.692941186,12/10/2012 2:44:01 PM -08:00
12/10/2012 14:44,47.64109171,-122.1388584,5.692941186,12/10/2012 2:44:02 PM -08:00
12/10/2012 14:44,47.64108798,-122.1388375,5.692941186,12/10/2012 2:44:03 PM -08:00
12/10/2012 14:44,47.6410853,-122.1388147,5.692941186,12/10/2012 2:44:04 PM -08:00
12/10/2012 14:44,47.64108664,-122.1388013,3.994431776,12/10/2012 2:44:05 PM -08:00
12/10/2012 14:44,47.64108363,-122.1387788,3.994431776,12/10/2012 2:44:06 PM -08:00
12/10/2012 14:44,47.64108124,-122.1387584,3.994431776,12/10/2012 2:44:07 PM -08:00
12/10/2012 14:44,47.64107977,-122.1387408,3.994431776,12/10/2012 2:44:08 PM -08:00
12/10/2012 14:44,47.64107353,-122.1387188,3.994431776,12/10/2012 2:44:09 PM -08:00
12/10/2012 14:44,47.64106871,-122.1386996,3.994431776,12/10/2012 2:44:10 PM -08:00
12/10/2012 14:44,47.64106682,-122.1386773,3.994431776,12/10/2012 2:44:11 PM -08:00
12/10/2012 14:44,47.64106213,-122.1386531,3.994431776,12/10/2012 2:44:12 PM -08:00
12/10/2012 14:44,47.64105873,-122.1386267,3.994431776,12/10/2012 2:44:13 PM -08:00
12/10/2012 14:44,47.64105706,-122.1386039,3.994431776,12/10/2012 2:44:14 PM -08:00
12/10/2012 14:44,47.64105655,-122.1385823,3.994431776,12/10/2012 2:44:15 PM -08:00
12/10/2012 14:44,Mark,,,
12/10/2012 14:44,47.64105525,-122.1385609,3.994431776,12/10/2012 2:44:16 PM -08:00
12/10/2012 14:44,47.64105446,-122.1385401,3.994431776,12/10/2012 2:44:17 PM -08:00
12/10/2012 14:44,47.64105169,-122.1385197,3.994431776,12/10/2012 2:44:18 PM -08:00
12/10/2012 14:44,47.6410527,-122.1384981,3.994431776,12/10/2012 2:44:19 PM -08:00
12/10/2012 14:44,47.64105265,-122.1384784,3.994431776,12/10/2012 2:44:20 PM -08:00
12/10/2012 14:44,47.64105127,-122.138459,3.994431776,12/10/2012 2:44:21 PM -08:00
12/10/2012 14:44,47.6410483,-122.1384401,3.994431776,12/10/2012 2:44:22 PM -08:00
12/10/2012 14:44,47.64104482,-122.1384214,5.692941186,12/10/2012 2:44:23 PM -08:00
12/10/2012 14:44,47.64104121,-122.138403,5.692941186,12/10/2012 2:44:24 PM -08:00
12/10/2012 14:44,47.64103652,-122.1383826,5.692941186,12/10/2012 2:44:25 PM -08:00
12/10/2012 14:44,47.64103878,-122.1383716,3.994431776,12/10/2012 2:44:26 PM -08:00
12/10/2012 14:44,47.64103887,-122.1383562,3.994431776,12/10/2012 2:44:27 PM -08:00
12/10/2012 14:44,47.64103765,-122.1383387,3.994431776,12/10/2012 2:44:28 PM -08:00
12/10/2012 14:44,47.64103706,-122.1383237,3.994431776,12/10/2012 2:44:29 PM -08:00
12/10/2012 14:44,47.64103715,-122.1383094,3.994431776,12/10/2012 2:44:30 PM -08:00
12/10/2012 14:44,47.64103476,-122.1382935,5.692941186,12/10/2012 2:44:31 PM -08:00
12/10/2012 14:44,47.64103011,-122.1382745,3.994431776,12/10/2012 2:44:32 PM -08:00
12/10/2012 14:44,47.64102587,-122.1382566,3.994431776,12/10/2012 2:44:33 PM -08:00
12/10/2012 14:44,47.64101955,-122.1382362,5.692941186,12/10/2012 2:44:34 PM -08:00
12/10/2012 14:44,47.64101284,-122.1382153,5.692941186,12/10/2012 2:44:35 PM -08:00
12/10/2012 14:44,47.64100538,-122.1381933,5.692941186,12/10/2012 2:44:36 PM -08:00
12/10/2012 14:44,47.64099792,-122.1381692,8.051034635,12/10/2012 2:44:37 PM -08:00
12/10/2012 14:44,47.64098975,-122.1381443,8.051034635,12/10/2012 2:44:38 PM -08:00
12/10/2012 14:44,47.64098091,-122.1381209,9.809766572,12/10/2012 2:44:39 PM -08:00
12/10/2012 14:44,47.64097181,-122.1380961,9.809766572,12/10/2012 2:44:40 PM -08:00
12/10/2012 14:44,47.64096251,-122.1380703,9.809766572,12/10/2012 2:44:41 PM -08:00
12/10/2012 14:44,47.64095379,-122.1380451,9.809766572,12/10/2012 2:44:42 PM -08:00
12/10/2012 14:44,47.64094595,-122.1380202,9.809766572,12/10/2012 2:44:43 PM -08:00
12/10/2012 14:44,47.6409364,-122.1379939,9.809766572,12/10/2012 2:44:44 PM -08:00
12/10/2012 14:44,47.64092613,-122.1379719,8.051034635,12/10/2012 2:44:45 PM -08:00
12/10/2012 14:44,47.6409144,-122.1379481,8.051034635,12/10/2012 2:44:46 PM -08:00
12/10/2012 14:44,47.64089206,-122.1378985,6.954499591,12/10/2012 2:44:48 PM -08:00
12/10/2012 14:44,47.64089206,-122.1378985,6.954499591,12/10/2012 2:44:48 PM -08:00
12/10/2012 14:44,47.64088179,-122.1378755,6.954499591,12/10/2012 2:44:49 PM -08:00
12/10/2012 14:44,47.64087261,-122.1378299,6.954499591,12/10/2012 2:44:51 PM -08:00
12/10/2012 14:44,47.64087261,-122.1378299,6.954499591,12/10/2012 2:44:51 PM -08:00
12/10/2012 14:44,47.64086457,-122.1378053,6.954499591,12/10/2012 2:44:52 PM -08:00
12/10/2012 14:44,47.64085451,-122.1377563,5.692941186,12/10/2012 2:44:54 PM -08:00
12/10/2012 14:44,47.64085451,-122.1377563,5.692941186,12/10/2012 2:44:54 PM -08:00
12/10/2012 14:44,47.64084973,-122.1377324,5.692941186,12/10/2012 2:44:55 PM -08:00
12/10/2012 14:44,47.64083686,-122.1376879,5.692941186,12/10/2012 2:44:57 PM -08:00
12/10/2012 14:44,47.64082903,-122.1376665,5.692941186,12/10/2012 2:44:58 PM -08:00
12/10/2012 14:44,47.64082098,-122.137646,5.692941186,12/10/2012 2:44:59 PM -08:00
12/10/2012 14:45,47.64081239,-122.1376229,3.994431776,12/10/2012 2:45:00 PM -08:00
12/10/2012 14:45,47.64080526,-122.1376015,3.994431776,12/10/2012 2:45:01 PM -08:00
12/10/2012 14:45,47.64080158,-122.1375845,3.994431776,12/10/2012 2:45:02 PM -08:00
12/10/2012 14:45,47.64080183,-122.1375637,3.994431776,12/10/2012 2:45:03 PM -08:00
12/10/2012 14:45,Mark,,,
12/10/2012 14:45,47.64080208,-122.1375502,3.994431776,12/10/2012 2:45:04 PM -08:00
12/10/2012 14:45,47.64080598,-122.1375417,3.994431776,12/10/2012 2:45:05 PM -08:00
12/10/2012 14:45,47.64081285,-122.1375341,3.994431776,12/10/2012 2:45:06 PM -08:00
12/10/2012 14:45,47.64082102,-122.1375267,3.994431776,12/10/2012 2:45:07 PM -08:00
12/10/2012 14:45,47.64083573,-122.137517,3.994431776,12/10/2012 2:45:08 PM -08:00
12/10/2012 14:45,47.64084864,-122.1375116,3.994431776,12/10/2012 2:45:09 PM -08:00
12/10/2012 14:45,47.64086327,-122.1375056,3.994431776,12/10/2012 2:45:10 PM -08:00
12/10/2012 14:45,47.64087911,-122.1375,5.692941186,12/10/2012 2:45:11 PM -08:00
12/10/2012 14:45,47.64088636,-122.1374976,3.994431776,12/10/2012 2:45:12 PM -08:00
12/10/2012 14:45,47.64089533,-122.1374945,5.692941186,12/10/2012 2:45:13 PM -08:00
12/10/2012 14:45,47.64090295,-122.13749,5.692941186,12/10/2012 2:45:14 PM -08:00
12/10/2012 14:45,47.64091188,-122.137489,5.692941186,12/10/2012 2:45:15 PM -08:00
12/10/2012 14:45,47.64091951,-122.1374829,5.692941186,12/10/2012 2:45:16 PM -08:00
12/10/2012 14:45,47.64092751,-122.1374742,5.692941186,12/10/2012 2:45:17 PM -08:00
12/10/2012 14:45,47.6409369,-122.1374686,5.692941186,12/10/2012 2:45:18 PM -08:00
12/10/2012 14:45,47.64094574,-122.1374599,6.954499591,12/10/2012 2:45:19 PM -08:00
12/10/2012 14:45,47.64095513,-122.1374481,6.954499591,12/10/2012 2:45:20 PM -08:00
12/10/2012 14:45,47.64096276,-122.1374367,9.809766572,12/10/2012 2:45:21 PM -08:00
12/10/2012 14:45,47.64097403,-122.1374208,9.809766572,12/10/2012 2:45:22 PM -08:00
12/10/2012 14:45,47.6409807,-122.1374061,11.75221974,12/10/2012 2:45:23 PM -08:00
12/10/2012 14:45,47.6409913,-122.1373967,11.05256457,12/10/2012 2:45:24 PM -08:00
12/10/2012 14:45,47.64098878,-122.1373805,11.05256457,12/10/2012 2:45:25 PM -08:00
12/10/2012 14:45,47.64099247,-122.1373675,11.05256457,12/10/2012 2:45:26 PM -08:00
12/10/2012 14:45,47.64100588,-122.1373573,11.05256457,12/10/2012 2:45:27 PM -08:00
12/10/2012 14:45,47.64101485,-122.1373492,11.05256457,12/10/2012 2:45:28 PM -08:00
12/10/2012 14:45,47.64102546,-122.1373414,13.5825365,12/10/2012 2:45:29 PM -08:00
12/10/2012 14:45,47.64103459,-122.1373409,11.05256457,12/10/2012 2:45:30 PM -08:00
12/10/2012 14:45,47.64104582,-122.1373383,12.98190327,12/10/2012 2:45:31 PM -08:00
12/10/2012 14:45,47.6410555,-122.1373373,13.5825365,12/10/2012 2:45:32 PM -08:00
12/10/2012 14:45,47.64106116,-122.1373337,14.84537435,12/10/2012 2:45:33 PM -08:00
12/10/2012 14:45,47.64106619,-122.1373259,16.784339,12/10/2012 2:45:34 PM -08:00
12/10/2012 14:45,47.64106778,-122.1373145,20.22026975,12/10/2012 2:45:35 PM -08:00
12/10/2012 14:45,47.64107457,-122.1373002,14.84537435,12/10/2012 2:45:36 PM -08:00
12/10/2012 14:45,47.6410861,-122.1372865,14.29788986,12/10/2012 2:45:37 PM -08:00
12/10/2012 14:45,Mark,,,
12/10/2012 14:45,47.64110672,-122.1372759,12.98190327,12/10/2012 2:45:38 PM -08:00
12/10/2012 14:45,47.64112826,-122.1372653,11.05256457,12/10/2012 2:45:39 PM -08:00
12/10/2012 14:45,47.64115185,-122.1372585,9.809766572,12/10/2012 2:45:40 PM -08:00
12/10/2012 14:45,47.64117629,-122.1372532,9.809766572,12/10/2012 2:45:41 PM -08:00
12/10/2012 14:45,47.64119842,-122.1372484,8.931820983,12/10/2012 2:45:42 PM -08:00
12/10/2012 14:45,47.64121895,-122.1372445,6.954499591,12/10/2012 2:45:43 PM -08:00
12/10/2012 14:45,47.64123555,-122.1372404,8.931820983,12/10/2012 2:45:44 PM -08:00
12/10/2012 14:45,47.64124506,-122.1372575,6.954499591,12/10/2012 2:45:45 PM -08:00
12/10/2012 14:45,47.64126136,-122.1372541,6.954499591,12/10/2012 2:45:46 PM -08:00
12/10/2012 14:45,47.64127448,-122.1372614,8.051034635,12/10/2012 2:45:47 PM -08:00
12/10/2012 14:45,47.64129083,-122.1372689,6.954499591,12/10/2012 2:45:48 PM -08:00
12/10/2012 14:45,47.64130709,-122.1372748,8.051034635,12/10/2012 2:45:49 PM -08:00
12/10/2012 14:45,47.64132586,-122.1372784,8.051034635,12/10/2012 2:45:50 PM -08:00
12/10/2012 14:45,47.64134355,-122.1372762,8.051034635,12/10/2012 2:45:51 PM -08:00
12/10/2012 14:45,47.64136023,-122.1372761,9.809766572,12/10/2012 2:45:52 PM -08:00
12/10/2012 14:45,47.6413749,-122.1372821,8.051034635,12/10/2012 2:45:53 PM -08:00
12/10/2012 14:45,47.64139439,-122.1372829,8.051034635,12/10/2012 2:45:54 PM -08:00
12/10/2012 14:45,47.64140729,-122.1372964,8.051034635,12/10/2012 2:45:55 PM -08:00
12/10/2012 14:45,47.64142234,-122.1373056,8.051034635,12/10/2012 2:45:56 PM -08:00
12/10/2012 14:45,47.64143893,-122.1373035,8.051034635,12/10/2012 2:45:57 PM -08:00
12/10/2012 14:45,47.64144811,-122.137306,8.051034635,12/10/2012 2:45:58 PM -08:00
12/10/2012 14:45,47.64146186,-122.1373074,8.051034635,12/10/2012 2:45:59 PM -08:00
12/10/2012 14:46,47.64147116,-122.1372979,8.051034635,12/10/2012 2:46:00 PM -08:00
12/10/2012 14:46,47.6414824,-122.1372907,8.987471497,12/10/2012 2:46:01 PM -08:00
12/10/2012 14:46,47.64148881,-122.1372875,8.051034635,12/10/2012 2:46:02 PM -08:00
12/10/2012 14:46,47.64149442,-122.137286,8.051034635,12/10/2012 2:46:03 PM -08:00
12/10/2012 14:46,47.64150557,-122.1372772,8.051034635,12/10/2012 2:46:04 PM -08:00
12/10/2012 14:46,47.6415132,-122.137274,8.987471497,12/10/2012 2:46:05 PM -08:00
12/10/2012 14:46,47.64152783,-122.1372717,8.051034635,12/10/2012 2:46:06 PM -08:00
12/10/2012 14:46,47.64153696,-122.1372686,8.051034635,12/10/2012 2:46:07 PM -08:00
12/10/2012 14:46,47.6415492,-122.1372645,8.987471497,12/10/2012 2:46:08 PM -08:00
12/10/2012 14:46,47.64156479,-122.1372569,8.051034635,12/10/2012 2:46:09 PM -08:00
12/10/2012 14:46,47.64156672,-122.1372554,8.051034635,12/10/2012 2:46:10 PM -08:00
12/10/2012 14:46,47.64157401,-122.137255,8.051034635,12/10/2012 2:46:11 PM -08:00
12/10/2012 14:46,47.64158168,-122.1372571,8.051034635,12/10/2012 2:46:12 PM -08:00
12/10/2012 14:46,47.6415888,-122.1372508,8.051034635,12/10/2012 2:46:13 PM -08:00
12/10/2012 14:46,47.6416023,-122.1372506,8.051034635,12/10/2012 2:46:14 PM -08:00
12/10/2012 14:46,47.64161646,-122.1372479,8.987471497,12/10/2012 2:46:15 PM -08:00
12/10/2012 14:46,47.64163323,-122.1372432,10.59183674,12/10/2012 2:46:16 PM -08:00
12/10/2012 14:46,47.64164978,-122.1372368,11.98329533,12/10/2012 2:46:17 PM -08:00
12/10/2012 14:46,47.64166893,-122.137228,16.97633505,12/10/2012 2:46:18 PM -08:00
12/10/2012 14:46,47.64168457,-122.1372192,20.52619135,12/10/2012 2:46:19 PM -08:00
12/10/2012 14:46,47.6416968,-122.1372116,26.58061003,12/10/2012 2:46:20 PM -08:00
12/10/2012 14:46,47.64170913,-122.1372033,28.56961306,12/10/2012 2:46:21 PM -08:00
12/10/2012 14:46,47.64172195,-122.1372044,29.97487717,12/10/2012 2:46:22 PM -08:00
12/10/2012 14:46,47.6417331,-122.1371977,33.54639052,12/10/2012 2:46:23 PM -08:00
12/10/2012 14:46,47.64174441,-122.1371965,35.1787908,12/10/2012 2:46:24 PM -08:00
12/10/2012 14:46,47.64176164,-122.1371886,32.48930699,12/10/2012 2:46:25 PM -08:00
12/10/2012 14:46,47.64178213,-122.1371819,31.55506297,12/10/2012 2:46:26 PM -08:00
12/10/2012 14:46,47.64180237,-122.1371756,31.35692549,12/10/2012 2:46:27 PM -08:00
12/10/2012 14:46,47.64182203,-122.1371559,30.22336064,12/10/2012 2:46:28 PM -08:00
12/10/2012 14:46,47.64184441,-122.1371321,30.22336064,12/10/2012 2:46:29 PM -08:00
12/10/2012 14:46,47.64186407,-122.1371039,30.22336064,12/10/2012 2:46:30 PM -08:00
12/10/2012 14:46,47.64187836,-122.1370702,25.70324512,12/10/2012 2:46:31 PM -08:00
12/10/2012 14:46,47.64189206,-122.1370381,24.48117467,12/10/2012 2:46:32 PM -08:00
12/10/2012 14:46,47.64190509,-122.1370021,21.9353049,12/10/2012 2:46:33 PM -08:00
12/10/2012 14:46,47.64191796,-122.1369633,20.76768426,12/10/2012 2:46:34 PM -08:00
12/10/2012 14:46,47.6419333,-122.1369216,18.97355094,12/10/2012 2:46:35 PM -08:00
12/10/2012 14:46,47.64194675,-122.1368834,18.97355094,12/10/2012 2:46:36 PM -08:00
12/10/2012 14:46,47.64196306,-122.1368509,18.00266073,12/10/2012 2:46:37 PM -08:00
12/10/2012 14:46,47.64197844,-122.1368208,18.00266073,12/10/2012 2:46:38 PM -08:00
12/10/2012 14:46,47.64199386,-122.1367968,16.66508819,12/10/2012 2:46:39 PM -08:00
12/10/2012 14:46,47.64200899,-122.136774,16.66508819,12/10/2012 2:46:40 PM -08:00
12/10/2012 14:46,47.64202491,-122.1367541,16.66508819,12/10/2012 2:46:41 PM -08:00
12/10/2012 14:46,47.64204134,-122.1367364,14.69345634,12/10/2012 2:46:42 PM -08:00
12/10/2012 14:46,47.6420576,-122.1367209,14.69345634,12/10/2012 2:46:43 PM -08:00
12/10/2012 14:46,47.64207659,-122.1367026,13.5825365,12/10/2012 2:46:44 PM -08:00
12/10/2012 14:46,47.64209256,-122.1366894,11.75221974,12/10/2012 2:46:45 PM -08:00
12/10/2012 14:46,47.64210697,-122.1366726,11.05256457,12/10/2012 2:46:46 PM -08:00
12/10/2012 14:46,47.6421211,-122.1366558,11.05256457,12/10/2012 2:46:47 PM -08:00
12/10/2012 14:46,Mark,,,
12/10/2012 14:46,47.64213426,-122.1366385,9.809766572,12/10/2012 2:46:48 PM -08:00
12/10/2012 14:46,47.64214586,-122.1366248,9.809766572,12/10/2012 2:46:49 PM -08:00
12/10/2012 14:46,47.64215697,-122.1366108,9.809766572,12/10/2012 2:46:50 PM -08:00
12/10/2012 14:46,47.64216938,-122.1365995,9.809766572,12/10/2012 2:46:51 PM -08:00
12/10/2012 14:46,47.64217872,-122.1365993,9.809766572,12/10/2012 2:46:52 PM -08:00
12/10/2012 14:46,47.64218882,-122.1365967,9.809766572,12/10/2012 2:46:53 PM -08:00
12/10/2012 14:46,47.64219787,-122.1365973,11.75221974,12/10/2012 2:46:54 PM -08:00
12/10/2012 14:46,47.64220533,-122.1366015,9.809766572,12/10/2012 2:46:55 PM -08:00
12/10/2012 14:46,47.64221401,-122.1366052,10.59183674,12/10/2012 2:46:56 PM -08:00
12/10/2012 14:46,47.64222164,-122.1366084,11.75221974,12/10/2012 2:46:57 PM -08:00
12/10/2012 14:46,47.64223308,-122.1366084,10.59183674,12/10/2012 2:46:58 PM -08:00
12/10/2012 14:46,47.64224406,-122.1366084,10.59183674,12/10/2012 2:46:59 PM -08:00
12/10/2012 14:47,47.64225504,-122.1366033,10.59183674,12/10/2012 2:47:00 PM -08:00
12/10/2012 14:47,47.6422726,-122.1365991,10.59183674,12/10/2012 2:47:01 PM -08:00
12/10/2012 14:47,47.64228622,-122.1365965,10.59183674,12/10/2012 2:47:02 PM -08:00
12/10/2012 14:47,47.64230106,-122.1365918,10.59183674,12/10/2012 2:47:03 PM -08:00
12/10/2012 14:47,47.64231765,-122.1365866,10.59183674,12/10/2012 2:47:04 PM -08:00
12/10/2012 14:47,47.6423324,-122.1365825,10.59183674,12/10/2012 2:47:05 PM -08:00
12/10/2012 14:47,47.64234732,-122.1365712,10.59183674,12/10/2012 2:47:06 PM -08:00
12/10/2012 14:47,47.64236132,-122.1365617,10.59183674,12/10/2012 2:47:07 PM -08:00
12/10/2012 14:47,47.64237389,-122.1365507,8.987471497,12/10/2012 2:47:08 PM -08:00
12/10/2012 14:47,47.64238638,-122.1365384,10.59183674,12/10/2012 2:47:09 PM -08:00
12/10/2012 14:47,47.64239787,-122.136518,10.59183674,12/10/2012 2:47:10 PM -08:00
12/10/2012 14:47,47.64241002,-122.1365064,11.98329533,12/10/2012 2:47:11 PM -08:00
12/10/2012 14:47,47.64242523,-122.1364913,11.98329533,12/10/2012 2:47:12 PM -08:00
12/10/2012 14:47,47.64244003,-122.1364762,13.02025462,12/10/2012 2:47:13 PM -08:00
12/10/2012 14:47,47.64245436,-122.1364629,13.02025462,12/10/2012 2:47:14 PM -08:00
12/10/2012 14:47,47.64246966,-122.1364515,13.02025462,12/10/2012 2:47:15 PM -08:00
12/10/2012 14:47,47.64248416,-122.1364437,15.55073383,12/10/2012 2:47:16 PM -08:00
12/10/2012 14:47,47.64249677,-122.136437,18.00266073,12/10/2012 2:47:17 PM -08:00
12/10/2012 14:47,47.64251236,-122.1364256,15.55073383,12/10/2012 2:47:18 PM -08:00
12/10/2012 14:47,47.64252494,-122.1364146,15.55073383,12/10/2012 2:47:19 PM -08:00
12/10/2012 14:47,47.64253885,-122.136396,15.55073383,12/10/2012 2:47:20 PM -08:00
12/10/2012 14:47,47.64255172,-122.1363784,10.59183674,12/10/2012 2:47:21 PM -08:00
12/10/2012 14:47,47.64256542,-122.1363571,10.59183674,12/10/2012 2:47:22 PM -08:00
12/10/2012 14:47,Mark,,,
12/10/2012 14:47,47.64257825,-122.1363386,9.809766572,12/10/2012 2:47:23 PM -08:00
12/10/2012 14:47,47.64259111,-122.1363199,9.809766572,12/10/2012 2:47:24 PM -08:00
12/10/2012 14:47,47.6426088,-122.1363106,6.954499591,12/10/2012 2:47:25 PM -08:00
12/10/2012 14:47,47.64261831,-122.136306,5.692941186,12/10/2012 2:47:26 PM -08:00
12/10/2012 14:47,47.64263155,-122.1363018,6.954499591,12/10/2012 2:47:27 PM -08:00
12/10/2012 14:47,47.64264409,-122.1363028,8.051034635,12/10/2012 2:47:28 PM -08:00
12/10/2012 14:47,47.64265632,-122.1363064,9.809766572,12/10/2012 2:47:29 PM -08:00
12/10/2012 14:47,47.64266973,-122.136309,11.05256457,12/10/2012 2:47:30 PM -08:00
12/10/2012 14:47,47.64268419,-122.1363142,13.5825365,12/10/2012 2:47:31 PM -08:00
12/10/2012 14:47,47.64269903,-122.1363173,17.69537785,12/10/2012 2:47:32 PM -08:00
12/10/2012 14:47,47.64271667,-122.1363254,17.69537785,12/10/2012 2:47:33 PM -08:00
12/10/2012 14:47,47.64272732,-122.1363341,14.84537435,12/10/2012 2:47:34 PM -08:00
12/10/2012 14:47,47.64274781,-122.1363456,13.5825365,12/10/2012 2:47:35 PM -08:00
12/10/2012 14:47,47.6427598,-122.1363507,15.86812847,12/10/2012 2:47:36 PM -08:00
12/10/2012 14:47,47.64276839,-122.1363528,15.86812847,12/10/2012 2:47:37 PM -08:00
12/10/2012 14:47,47.64277585,-122.1363579,17.69537785,12/10/2012 2:47:38 PM -08:00
12/10/2012 14:47,47.64278662,-122.1363624,18.41342067,12/10/2012 2:47:39 PM -08:00
12/10/2012 14:47,47.64279978,-122.1363704,20.85154604,12/10/2012 2:47:40 PM -08:00
12/10/2012 14:47,47.64281566,-122.1363808,22.73889713,12/10/2012 2:47:41 PM -08:00
12/10/2012 14:47,47.64283729,-122.1363951,20.85154604,12/10/2012 2:47:42 PM -08:00
12/10/2012 14:47,47.64285736,-122.1364069,20.85154604,12/10/2012 2:47:43 PM -08:00
12/10/2012 14:47,47.64286906,-122.1364059,19.61953314,12/10/2012 2:47:44 PM -08:00
12/10/2012 14:47,47.64288129,-122.1364072,20.85154604,12/10/2012 2:47:45 PM -08:00
12/10/2012 14:47,47.64289282,-122.136413,19.61953314,12/10/2012 2:47:46 PM -08:00
12/10/2012 14:47,47.64290497,-122.1364159,18.94725356,12/10/2012 2:47:47 PM -08:00
12/10/2012 14:47,47.64292178,-122.1364208,17.69537785,12/10/2012 2:47:48 PM -08:00
12/10/2012 14:47,47.64293984,-122.1364271,17.69537785,12/10/2012 2:47:49 PM -08:00
12/10/2012 14:47,47.64295862,-122.1364342,18.41342067,12/10/2012 2:47:50 PM -08:00
12/10/2012 14:47,47.64297404,-122.1364369,20.85154604,12/10/2012 2:47:51 PM -08:00
12/10/2012 14:47,47.64298699,-122.1364373,23.73663986,12/10/2012 2:47:52 PM -08:00
12/10/2012 14:47,47.64299734,-122.1364369,26.84194254,12/10/2012 2:47:53 PM -08:00
12/10/2012 14:47,47.64299441,-122.1364329,24.9651986,12/10/2012 2:47:54 PM -08:00
12/10/2012 14:47,47.64299336,-122.136428,27.50254026,12/10/2012 2:47:55 PM -08:00
12/10/2012 14:47,47.64298854,-122.1364202,28.74360744,12/10/2012 2:47:56 PM -08:00
12/10/2012 14:47,47.64298494,-122.1364097,28.74360744,12/10/2012 2:47:57 PM -08:00
12/10/2012 14:47,47.6429709,-122.1363994,28.74360744,12/10/2012 2:47:58 PM -08:00
12/10/2012 14:47,47.64296142,-122.1363873,30.63302098,12/10/2012 2:47:59 PM -08:00
12/10/2012 14:48,47.64295929,-122.1363742,28.74360744,12/10/2012 2:48:00 PM -08:00
12/10/2012 14:48,47.642961,-122.1363607,26.84194254,12/10/2012 2:48:01 PM -08:00
12/10/2012 14:48,47.64296494,-122.1363468,24.9651986,12/10/2012 2:48:02 PM -08:00
12/10/2012 14:48,47.64297961,-122.1363369,23.73663986,12/10/2012 2:48:03 PM -08:00
12/10/2012 14:48,47.64300245,-122.1363311,19.61953314,12/10/2012 2:48:04 PM -08:00
12/10/2012 14:48,47.64302257,-122.1363242,15.86812847,12/10/2012 2:48:05 PM -08:00
12/10/2012 14:48,Mark,,,
12/10/2012 14:48,47.6430434,-122.1363169,15.86812847,12/10/2012 2:48:06 PM -08:00
12/10/2012 14:48,47.64306398,-122.1363106,14.69345634,12/10/2012 2:48:07 PM -08:00
12/10/2012 14:48,47.64308275,-122.1363059,15.86812847,12/10/2012 2:48:08 PM -08:00
12/10/2012 14:48,47.64310601,-122.1363073,14.69345634,12/10/2012 2:48:09 PM -08:00
12/10/2012 14:48,47.64313179,-122.1363132,14.69345634,12/10/2012 2:48:10 PM -08:00
12/10/2012 14:48,47.64316841,-122.1363328,15.86812847,12/10/2012 2:48:11 PM -08:00
12/10/2012 14:48,47.64320861,-122.1363505,17.69537785,12/10/2012 2:48:12 PM -08:00
12/10/2012 14:48,47.64324775,-122.1363674,17.69537785,12/10/2012 2:48:13 PM -08:00
12/10/2012 14:48,47.64329377,-122.1363874,17.69537785,12/10/2012 2:48:14 PM -08:00
12/10/2012 14:48,47.64332055,-122.1364002,13.5825365,12/10/2012 2:48:15 PM -08:00
12/10/2012 14:48,47.64335294,-122.1364126,14.84537435,12/10/2012 2:48:16 PM -08:00
12/10/2012 14:48,47.6433801,-122.1364235,15.86812847,12/10/2012 2:48:17 PM -08:00
12/10/2012 14:48,47.64340344,-122.1364384,17.69537785,12/10/2012 2:48:18 PM -08:00
12/10/2012 14:48,47.64342595,-122.1364522,17.69537785,12/10/2012 2:48:19 PM -08:00
12/10/2012 14:48,47.64344493,-122.1364639,17.69537785,12/10/2012 2:48:20 PM -08:00
12/10/2012 14:48,47.64346094,-122.1364768,17.69537785,12/10/2012 2:48:21 PM -08:00
12/10/2012 14:48,47.64347737,-122.1364902,17.69537785,12/10/2012 2:48:22 PM -08:00
12/10/2012 14:48,47.64349367,-122.1365016,17.69537785,12/10/2012 2:48:23 PM -08:00
12/10/2012 14:48,47.64351157,-122.136515,15.86812847,12/10/2012 2:48:24 PM -08:00
12/10/2012 14:48,47.64352569,-122.136524,13.5825365,12/10/2012 2:48:25 PM -08:00
12/10/2012 14:48,47.64354216,-122.1365362,13.5825365,12/10/2012 2:48:26 PM -08:00
12/10/2012 14:48,47.64355985,-122.1365463,12.98190327,12/10/2012 2:48:27 PM -08:00
12/10/2012 14:48,47.64357724,-122.136554,11.05256457,12/10/2012 2:48:28 PM -08:00
12/10/2012 14:48,47.64359396,-122.1365593,8.931820983,12/10/2012 2:48:29 PM -08:00
12/10/2012 14:48,47.64360637,-122.1365631,8.931820983,12/10/2012 2:48:30 PM -08:00
12/10/2012 14:48,47.64361986,-122.1365677,6.954499591,12/10/2012 2:48:31 PM -08:00
12/10/2012 14:48,47.64363608,-122.136573,6.954499591,12/10/2012 2:48:32 PM -08:00
12/10/2012 14:48,47.64364262,-122.1365749,6.954499591,12/10/2012 2:48:33 PM -08:00
12/10/2012 14:48,47.64365188,-122.1365768,6.954499591,12/10/2012 2:48:34 PM -08:00
12/10/2012 14:48,47.64366027,-122.1365777,6.954499591,12/10/2012 2:48:35 PM -08:00
12/10/2012 14:48,47.64367007,-122.1365773,5.692941186,12/10/2012 2:48:36 PM -08:00
12/10/2012 14:48,47.64367829,-122.1365789,6.954499591,12/10/2012 2:48:37 PM -08:00
12/10/2012 14:48,47.64368759,-122.1365805,6.954499591,12/10/2012 2:48:38 PM -08:00
12/10/2012 14:48,47.64369673,-122.1365842,8.931820983,12/10/2012 2:48:39 PM -08:00
12/10/2012 14:48,47.64370892,-122.1365872,6.954499591,12/10/2012 2:48:40 PM -08:00
12/10/2012 14:48,47.64371852,-122.1365898,8.931820983,12/10/2012 2:48:41 PM -08:00
12/10/2012 14:48,47.64372988,-122.1365924,8.931820983,12/10/2012 2:48:42 PM -08:00
12/10/2012 14:48,47.64374299,-122.1365981,6.954499591,12/10/2012 2:48:43 PM -08:00
12/10/2012 14:48,47.64375096,-122.1366015,6.954499591,12/10/2012 2:48:44 PM -08:00
12/10/2012 14:48,Mark,,,
12/10/2012 14:48,47.64376173,-122.136609,6.954499591,12/10/2012 2:48:45 PM -08:00
12/10/2012 14:48,47.64377296,-122.1366149,6.954499591,12/10/2012 2:48:46 PM -08:00
12/10/2012 14:48,47.64378478,-122.1366234,6.954499591,12/10/2012 2:48:47 PM -08:00
12/10/2012 14:48,47.64379651,-122.1366313,6.954499591,12/10/2012 2:48:48 PM -08:00
12/10/2012 14:48,47.64380481,-122.1366389,9.809766572,12/10/2012 2:48:49 PM -08:00
12/10/2012 14:48,47.64381349,-122.1366431,11.75221974,12/10/2012 2:48:50 PM -08:00
12/10/2012 14:48,47.64381596,-122.1366466,14.69345634,12/10/2012 2:48:51 PM -08:00
12/10/2012 14:48,47.64382262,-122.1366517,15.86812847,12/10/2012 2:48:52 PM -08:00
12/10/2012 14:48,47.64382673,-122.1366563,18.41342067,12/10/2012 2:48:53 PM -08:00
12/10/2012 14:48,47.64383951,-122.1366647,18.41342067,12/10/2012 2:48:54 PM -08:00
12/10/2012 14:48,47.64384903,-122.136672,20.76768426,12/10/2012 2:48:55 PM -08:00
12/10/2012 14:48,47.64385942,-122.1366829,24.48117467,12/10/2012 2:48:56 PM -08:00
12/10/2012 14:48,47.64387161,-122.1366882,25.70324512,12/10/2012 2:48:57 PM -08:00
12/10/2012 14:48,47.64388461,-122.1366975,29.38691269,12/10/2012 2:48:58 PM -08:00
12/10/2012 14:48,47.64389777,-122.1367065,32.64241485,12/10/2012 2:48:59 PM -08:00
12/10/2012 14:49,47.64390988,-122.136713,36.29496863,12/10/2012 2:49:00 PM -08:00
12/10/2012 14:49,47.64391709,-122.1367104,39.26447197,12/10/2012 2:49:01 PM -08:00
12/10/2012 14:49,47.64392656,-122.1367149,42.93433534,12/10/2012 2:49:02 PM -08:00
12/10/2012 14:49,47.6439344,-122.1367105,40.39119165,12/10/2012 2:49:03 PM -08:00
12/10/2012 14:49,47.64394169,-122.1366915,39.26447197,12/10/2012 2:49:04 PM -08:00
12/10/2012 14:49,47.64395807,-122.1366516,40.39119165,12/10/2012 2:49:05 PM -08:00
12/10/2012 14:49,47.6439722,-122.1366148,31.35692549,12/10/2012 2:49:06 PM -08:00
12/10/2012 14:49,47.64398129,-122.1365919,30.22336064,12/10/2012 2:49:07 PM -08:00
12/10/2012 14:49,47.64399303,-122.1365716,26.84194254,12/10/2012 2:49:08 PM -08:00
12/10/2012 14:49,47.64400376,-122.136558,26.84194254,12/10/2012 2:49:09 PM -08:00
12/10/2012 14:49,47.64401453,-122.13656,26.84194254,12/10/2012 2:49:10 PM -08:00
12/10/2012 14:49,47.64403276,-122.1365789,25.67413062,12/10/2012 2:49:11 PM -08:00
12/10/2012 14:49,47.64404722,-122.1366002,23.73663986,12/10/2012 2:49:12 PM -08:00
12/10/2012 14:49,47.64406021,-122.1366131,19.61953314,12/10/2012 2:49:13 PM -08:00
12/10/2012 14:49,Mark,,,
12/10/2012 14:49,47.64407618,-122.1366255,19.61953314,12/10/2012 2:49:14 PM -08:00
12/10/2012 14:49,47.64409453,-122.1366333,15.86812847,12/10/2012 2:49:15 PM -08:00
12/10/2012 14:49,47.64410694,-122.1366385,15.86812847,12/10/2012 2:49:16 PM -08:00
12/10/2012 14:49,47.64411343,-122.13664,15.86812847,12/10/2012 2:49:17 PM -08:00
12/10/2012 14:49,47.64411477,-122.1366402,15.86812847,12/10/2012 2:49:18 PM -08:00
12/10/2012 14:49,47.64411683,-122.136641,15.86812847,12/10/2012 2:49:19 PM -08:00
12/10/2012 14:49,47.64412001,-122.1366447,15.86812847,12/10/2012 2:49:20 PM -08:00
12/10/2012 14:49,47.64412035,-122.1366494,14.84537435,12/10/2012 2:49:21 PM -08:00
12/10/2012 14:49,47.64412265,-122.1366513,14.84537435,12/10/2012 2:49:22 PM -08:00
12/10/2012 14:49,47.64412546,-122.1366542,17.69537785,12/10/2012 2:49:23 PM -08:00
12/10/2012 14:49,47.64413359,-122.1366556,18.09933855,12/10/2012 2:49:24 PM -08:00
12/10/2012 14:49,47.64413791,-122.1366664,18.09933855,12/10/2012 2:49:25 PM -08:00
12/10/2012 14:49,47.64414474,-122.136681,19.4279939,12/10/2012 2:49:26 PM -08:00
12/10/2012 14:49,47.64415974,-122.1367026,19.4279939,12/10/2012 2:49:27 PM -08:00
12/10/2012 14:49,47.64417982,-122.1367326,18.09933855,12/10/2012 2:49:28 PM -08:00
12/10/2012 14:49,47.64419411,-122.1367573,18.09933855,12/10/2012 2:49:29 PM -08:00
12/10/2012 14:49,47.64420287,-122.1367762,14.29788986,12/10/2012 2:49:30 PM -08:00
12/10/2012 14:49,47.64421431,-122.1368013,16.784339,12/10/2012 2:49:31 PM -08:00
12/10/2012 14:49,47.64422311,-122.1368216,16.784339,12/10/2012 2:49:32 PM -08:00
12/10/2012 14:49,47.64423593,-122.1368505,16.784339,12/10/2012 2:49:33 PM -08:00
12/10/2012 14:49,47.64426154,-122.1368889,18.94725356,12/10/2012 2:49:34 PM -08:00
12/10/2012 14:49,47.64428027,-122.1369225,16.784339,12/10/2012 2:49:35 PM -08:00
12/10/2012 14:49,47.64429607,-122.1369617,17.69537785,12/10/2012 2:49:36 PM -08:00
12/10/2012 14:49,47.64430718,-122.1369983,17.69537785,12/10/2012 2:49:37 PM -08:00
12/10/2012 14:49,47.64431221,-122.1370289,18.41342067,12/10/2012 2:49:38 PM -08:00
12/10/2012 14:49,47.64431363,-122.1370662,14.69345634,12/10/2012 2:49:39 PM -08:00
12/10/2012 14:49,47.64431363,-122.1370968,14.69345634,12/10/2012 2:49:40 PM -08:00
12/10/2012 14:49,47.64431259,-122.1371238,15.55073383,12/10/2012 2:49:41 PM -08:00
12/10/2012 14:49,47.64431326,-122.1371546,13.98051122,12/10/2012 2:49:42 PM -08:00
12/10/2012 14:49,47.64431556,-122.1371777,13.98051122,12/10/2012 2:49:43 PM -08:00
12/10/2012 14:49,47.64431912,-122.1372003,15.55073383,12/10/2012 2:49:44 PM -08:00
12/10/2012 14:49,47.64432063,-122.1372197,18.00266073,12/10/2012 2:49:45 PM -08:00
12/10/2012 14:49,47.64432189,-122.1372397,20.52619135,12/10/2012 2:49:46 PM -08:00
12/10/2012 14:49,47.64432168,-122.1372706,18.00266073,12/10/2012 2:49:47 PM -08:00
12/10/2012 14:49,47.64432042,-122.1372935,18.97355094,12/10/2012 2:49:48 PM -08:00
12/10/2012 14:49,47.64431967,-122.1373129,20.52619135,12/10/2012 2:49:49 PM -08:00
12/10/2012 14:49,47.64431988,-122.1373383,20.52619135,12/10/2012 2:49:50 PM -08:00
12/10/2012 14:49,47.64432621,-122.1373621,21.96937477,12/10/2012 2:49:51 PM -08:00
12/10/2012 14:49,47.64433057,-122.1373876,20.52619135,12/10/2012 2:49:52 PM -08:00
12/10/2012 14:49,47.64433681,-122.137418,20.52619135,12/10/2012 2:49:53 PM -08:00
12/10/2012 14:49,Mark,,,
12/10/2012 14:49,47.64434213,-122.1374502,19.63223598,12/10/2012 2:49:54 PM -08:00
12/10/2012 14:49,47.64434159,-122.1374816,19.63223598,12/10/2012 2:49:55 PM -08:00
12/10/2012 14:49,47.6443436,-122.1375125,20.76768426,12/10/2012 2:49:56 PM -08:00
12/10/2012 14:49,47.64434385,-122.1375346,16.66508819,12/10/2012 2:49:57 PM -08:00
12/10/2012 14:49,47.64434326,-122.1375591,16.66508819,12/10/2012 2:49:58 PM -08:00
12/10/2012 14:49,47.64434997,-122.1375855,16.66508819,12/10/2012 2:49:59 PM -08:00
12/10/2012 14:50,47.64435575,-122.1376056,18.00266073,12/10/2012 2:50:00 PM -08:00
12/10/2012 14:50,47.64435965,-122.1376274,16.66508819,12/10/2012 2:50:01 PM -08:00
12/10/2012 14:50,47.64436782,-122.1376506,15.55073383,12/10/2012 2:50:02 PM -08:00
12/10/2012 14:50,47.64437495,-122.1376729,15.55073383,12/10/2012 2:50:03 PM -08:00
12/10/2012 14:50,47.64438111,-122.1376944,16.66508819,12/10/2012 2:50:04 PM -08:00
12/10/2012 14:50,47.64438316,-122.1377182,16.66508819,12/10/2012 2:50:05 PM -08:00
12/10/2012 14:50,47.644384,-122.1377428,19.63223598,12/10/2012 2:50:06 PM -08:00
12/10/2012 14:50,47.64438786,-122.1377784,15.55073383,12/10/2012 2:50:07 PM -08:00
12/10/2012 14:50,47.64439087,-122.1378097,15.55073383,12/10/2012 2:50:08 PM -08:00
12/10/2012 14:50,47.6443923,-122.1378314,13.02025462,12/10/2012 2:50:09 PM -08:00
12/10/2012 14:50,47.64439557,-122.1378606,13.98051122,12/10/2012 2:50:10 PM -08:00
12/10/2012 14:50,47.6443993,-122.1378882,13.98051122,12/10/2012 2:50:11 PM -08:00
12/10/2012 14:50,47.64440521,-122.1379164,13.02025462,12/10/2012 2:50:12 PM -08:00
12/10/2012 14:50,47.64440923,-122.1379396,10.59183674,12/10/2012 2:50:13 PM -08:00
12/10/2012 14:50,47.64441501,-122.1379659,10.59183674,12/10/2012 2:50:14 PM -08:00
12/10/2012 14:50,47.64442164,-122.1379902,8.051034635,12/10/2012 2:50:15 PM -08:00
12/10/2012 14:50,47.6444288,-122.1380141,8.051034635,12/10/2012 2:50:16 PM -08:00
12/10/2012 14:50,47.64443718,-122.1380353,6.990255609,12/10/2012 2:50:17 PM -08:00
12/10/2012 14:50,47.64444414,-122.1380566,6.990255609,12/10/2012 2:50:18 PM -08:00
12/10/2012 14:50,47.64445353,-122.138077,5.692941186,12/10/2012 2:50:19 PM -08:00
12/10/2012 14:50,Mark,,,
12/10/2012 14:50,47.64446208,-122.1380936,3.994431776,12/10/2012 2:50:20 PM -08:00
12/10/2012 14:50,47.64446979,-122.1381115,3.994431776,12/10/2012 2:50:21 PM -08:00
12/10/2012 14:50,47.64447729,-122.1381272,5.692941186,12/10/2012 2:50:22 PM -08:00
12/10/2012 14:50,47.64448395,-122.1381402,6.990255609,12/10/2012 2:50:23 PM -08:00
12/10/2012 14:50,47.64449116,-122.138161,3.994431776,12/10/2012 2:50:24 PM -08:00
12/10/2012 14:50,47.64449774,-122.138178,5.692941186,12/10/2012 2:50:25 PM -08:00
12/10/2012 14:50,47.64451032,-122.1381905,3.994431776,12/10/2012 2:50:26 PM -08:00
12/10/2012 14:50,47.64452084,-122.1382058,5.692941186,12/10/2012 2:50:27 PM -08:00
12/10/2012 14:50,47.64453186,-122.1382205,8.051034635,12/10/2012 2:50:28 PM -08:00
12/10/2012 14:50,47.64454175,-122.1382322,9.809766572,12/10/2012 2:50:29 PM -08:00
12/10/2012 14:50,47.64455394,-122.1382435,11.05256457,12/10/2012 2:50:30 PM -08:00
12/10/2012 14:50,47.64456685,-122.138261,13.5825365,12/10/2012 2:50:31 PM -08:00
12/10/2012 14:50,47.64458089,-122.1382747,14.84537435,12/10/2012 2:50:32 PM -08:00
12/10/2012 14:50,47.64459577,-122.1382905,16.784339,12/10/2012 2:50:33 PM -08:00
12/10/2012 14:50,47.64460885,-122.1383018,18.09933855,12/10/2012 2:50:34 PM -08:00
12/10/2012 14:50,47.64461924,-122.1383144,16.784339,12/10/2012 2:50:35 PM -08:00
12/10/2012 14:50,47.64462594,-122.1383267,14.29788986,12/10/2012 2:50:36 PM -08:00
12/10/2012 14:50,47.64463164,-122.1383427,12.98190327,12/10/2012 2:50:37 PM -08:00
12/10/2012 14:50,47.6446404,-122.1383619,13.5825365,12/10/2012 2:50:38 PM -08:00
12/10/2012 14:50,47.64464644,-122.1383876,13.5825365,12/10/2012 2:50:39 PM -08:00
12/10/2012 14:50,47.64465616,-122.1384168,13.5825365,12/10/2012 2:50:40 PM -08:00
12/10/2012 14:50,47.64466815,-122.1384369,13.5825365,12/10/2012 2:50:41 PM -08:00
12/10/2012 14:50,47.64467674,-122.1384613,9.809766572,12/10/2012 2:50:42 PM -08:00
12/10/2012 14:50,47.64468311,-122.1384844,9.809766572,12/10/2012 2:50:43 PM -08:00
12/10/2012 14:50,47.64468638,-122.1385054,9.809766572,12/10/2012 2:50:44 PM -08:00
12/10/2012 14:50,47.64468432,-122.1385189,6.954499591,12/10/2012 2:50:45 PM -08:00
12/10/2012 14:50,47.64468026,-122.138543,5.692941186,12/10/2012 2:50:46 PM -08:00
12/10/2012 14:50,47.64467619,-122.1385612,5.692941186,12/10/2012 2:50:47 PM -08:00
12/10/2012 14:50,47.64467062,-122.1385818,3.994431776,12/10/2012 2:50:48 PM -08:00
12/10/2012 14:50,47.64467024,-122.1385985,3.994431776,12/10/2012 2:50:49 PM -08:00
12/10/2012 14:50,47.64466915,-122.1386158,3.994431776,12/10/2012 2:50:50 PM -08:00
12/10/2012 14:50,47.64467091,-122.1386344,3.994431776,12/10/2012 2:50:51 PM -08:00
12/10/2012 14:50,Mark,,,
12/10/2012 14:50,47.64467422,-122.138654,3.994431776,12/10/2012 2:50:52 PM -08:00
12/10/2012 14:50,47.64467816,-122.1386717,3.994431776,12/10/2012 2:50:53 PM -08:00
12/10/2012 14:50,47.64468202,-122.1386892,3.994431776,12/10/2012 2:50:54 PM -08:00
12/10/2012 14:50,47.64468583,-122.1387053,3.994431776,12/10/2012 2:50:55 PM -08:00
12/10/2012 14:50,47.64468931,-122.1387228,3.994431776,12/10/2012 2:50:56 PM -08:00
12/10/2012 14:50,47.64469149,-122.1387394,3.994431776,12/10/2012 2:50:57 PM -08:00
12/10/2012 14:50,47.64469292,-122.1387567,3.994431776,12/10/2012 2:50:58 PM -08:00
12/10/2012 14:50,47.64469501,-122.1387745,3.994431776,12/10/2012 2:50:59 PM -08:00
12/10/2012 14:51,47.64469597,-122.138792,3.994431776,12/10/2012 2:51:00 PM -08:00
12/10/2012 14:51,47.64469786,-122.1388084,3.994431776,12/10/2012 2:51:01 PM -08:00
12/10/2012 14:51,47.6446987,-122.1388255,3.994431776,12/10/2012 2:51:02 PM -08:00
12/10/2012 14:51,47.64470058,-122.1388388,3.994431776,12/10/2012 2:51:03 PM -08:00
12/10/2012 14:51,47.64470251,-122.1388522,5.692941186,12/10/2012 2:51:04 PM -08:00
12/10/2012 14:51,47.64470448,-122.1388654,5.692941186,12/10/2012 2:51:05 PM -08:00
12/10/2012 14:51,47.6447067,-122.1388751,5.692941186,12/10/2012 2:51:06 PM -08:00
12/10/2012 14:51,47.6447075,-122.138887,5.692941186,12/10/2012 2:51:07 PM -08:00
12/10/2012 14:51,47.64471056,-122.1388914,5.692941186,12/10/2012 2:51:08 PM -08:00
12/10/2012 14:51,47.64471261,-122.1388959,6.990255609,12/10/2012 2:51:09 PM -08:00
12/10/2012 14:51,47.64471408,-122.1389042,6.990255609,12/10/2012 2:51:10 PM -08:00
12/10/2012 14:51,47.64471425,-122.1389182,6.990255609,12/10/2012 2:51:11 PM -08:00
12/10/2012 14:51,47.64471601,-122.1389254,6.990255609,12/10/2012 2:51:12 PM -08:00
12/10/2012 14:51,47.64471731,-122.1389383,8.051034635,12/10/2012 2:51:13 PM -08:00
12/10/2012 14:51,47.64471588,-122.1389599,6.990255609,12/10/2012 2:51:14 PM -08:00
12/10/2012 14:51,47.64471509,-122.1389794,6.990255609,12/10/2012 2:51:15 PM -08:00
12/10/2012 14:51,47.64471404,-122.138999,8.051034635,12/10/2012 2:51:16 PM -08:00
12/10/2012 14:51,47.64471215,-122.1390207,8.051034635,12/10/2012 2:51:17 PM -08:00
12/10/2012 14:51,47.64470968,-122.1390422,8.051034635,12/10/2012 2:51:18 PM -08:00
12/10/2012 14:51,47.64470851,-122.1390634,9.809766572,12/10/2012 2:51:19 PM -08:00
12/10/2012 14:51,47.64470654,-122.1390855,9.809766572,12/10/2012 2:51:20 PM -08:00
12/10/2012 14:51,47.64470268,-122.1391076,8.051034635,12/10/2012 2:51:21 PM -08:00
12/10/2012 14:51,47.64469882,-122.1391297,8.051034635,12/10/2012 2:51:22 PM -08:00
12/10/2012 14:51,47.64469618,-122.1391505,8.051034635,12/10/2012 2:51:23 PM -08:00
12/10/2012 14:51,47.64469208,-122.1391759,8.051034635,12/10/2012 2:51:24 PM -08:00
12/10/2012 14:51,47.64468734,-122.1391983,8.051034635,12/10/2012 2:51:25 PM -08:00
12/10/2012 14:51,47.64468437,-122.139219,8.051034635,12/10/2012 2:51:26 PM -08:00
12/10/2012 14:51,47.64468449,-122.139242,8.051034635,12/10/2012 2:51:27 PM -08:00
12/10/2012 14:51,47.64468747,-122.1392613,8.051034635,12/10/2012 2:51:28 PM -08:00
12/10/2012 14:51,47.64469304,-122.1392803,6.990255609,12/10/2012 2:51:29 PM -08:00
12/10/2012 14:51,47.64469882,-122.1393006,5.692941186,12/10/2012 2:51:30 PM -08:00
12/10/2012 14:51,47.64470712,-122.1393173,6.990255609,12/10/2012 2:51:31 PM -08:00
12/10/2012 14:51,47.64471605,-122.1393387,6.990255609,12/10/2012 2:51:32 PM -08:00
12/10/2012 14:51,47.64472355,-122.1393579,6.990255609,12/10/2012 2:51:33 PM -08:00
12/10/2012 14:51,47.64473034,-122.139372,8.051034635,12/10/2012 2:51:34 PM -08:00
12/10/2012 14:51,47.64473524,-122.1393903,8.051034635,12/10/2012 2:51:35 PM -08:00
12/10/2012 14:51,47.64473851,-122.1394158,8.051034635,12/10/2012 2:51:36 PM -08:00
12/10/2012 14:51,47.64474312,-122.1394305,8.051034635,12/10/2012 2:51:37 PM -08:00
12/10/2012 14:51,47.6447484,-122.1394528,8.051034635,12/10/2012 2:51:38 PM -08:00
12/10/2012 14:51,47.6447528,-122.1394746,8.051034635,12/10/2012 2:51:39 PM -08:00
12/10/2012 14:51,47.6447614,-122.1394917,8.051034635,12/10/2012 2:51:40 PM -08:00
12/10/2012 14:51,47.64476743,-122.1395104,6.990255609,12/10/2012 2:51:41 PM -08:00
12/10/2012 14:51,47.64477581,-122.13953,8.051034635,12/10/2012 2:51:42 PM -08:00
12/10/2012 14:51,47.64478805,-122.1395445,6.990255609,12/10/2012 2:51:43 PM -08:00
12/10/2012 14:51,47.64479526,-122.1395606,6.990255609,12/10/2012 2:51:44 PM -08:00
12/10/2012 14:51,47.64480435,-122.139574,6.990255609,12/10/2012 2:51:45 PM -08:00
12/10/2012 14:51,47.64481328,-122.1395882,8.987471497,12/10/2012 2:51:46 PM -08:00
12/10/2012 14:51,47.64481894,-122.1396041,6.990255609,12/10/2012 2:51:47 PM -08:00
12/10/2012 14:51,47.64482455,-122.1396201,8.987471497,12/10/2012 2:51:48 PM -08:00
12/10/2012 14:51,47.64482988,-122.1396345,10.59183674,12/10/2012 2:51:49 PM -08:00
12/10/2012 14:51,47.64483352,-122.1396529,13.02025462,12/10/2012 2:51:50 PM -08:00
12/10/2012 14:51,47.64483763,-122.13967,16.97633505,12/10/2012 2:51:51 PM -08:00
12/10/2012 14:51,47.64484257,-122.1396855,18.00266073,12/10/2012 2:51:52 PM -08:00
12/10/2012 14:51,47.64484517,-122.1396999,20.52619135,12/10/2012 2:51:53 PM -08:00
12/10/2012 14:51,47.64484697,-122.1397135,21.61472997,12/10/2012 2:51:54 PM -08:00
12/10/2012 14:51,47.6448448,-122.1397456,19.63223598,12/10/2012 2:51:55 PM -08:00
12/10/2012 14:51,47.64484354,-122.139771,16.66508819,12/10/2012 2:51:56 PM -08:00
12/10/2012 14:51,47.64484182,-122.1397985,16.66508819,12/10/2012 2:51:57 PM -08:00
12/10/2012 14:51,47.64484052,-122.1398241,19.63223598,12/10/2012 2:51:58 PM -08:00
12/10/2012 14:51,47.6448401,-122.1398529,19.63223598,12/10/2012 2:51:59 PM -08:00
12/10/2012 14:52,47.64484316,-122.1398793,20.52619135,12/10/2012 2:52:00 PM -08:00
12/10/2012 14:52,47.64485087,-122.1399,22.98968133,12/10/2012 2:52:01 PM -08:00
12/10/2012 14:52,47.64486252,-122.1399229,25.70324512,12/10/2012 2:52:02 PM -08:00
12/10/2012 14:52,47.64488189,-122.1399479,28.59577971,12/10/2012 2:52:03 PM -08:00
12/10/2012 14:52,47.64489006,-122.1399689,22.73889713,12/10/2012 2:52:04 PM -08:00
12/10/2012 14:52,47.64490125,-122.1399891,22.73889713,12/10/2012 2:52:05 PM -08:00
12/10/2012 14:52,47.6449124,-122.1400102,24.04966401,12/10/2012 2:52:06 PM -08:00
12/10/2012 14:52,47.64491935,-122.140029,24.98516278,12/10/2012 2:52:07 PM -08:00
12/10/2012 14:52,47.64492438,-122.1400465,27.50254026,12/10/2012 2:52:08 PM -08:00
12/10/2012 14:52,47.64492644,-122.1400672,24.98516278,12/10/2012 2:52:09 PM -08:00
12/10/2012 14:52,47.64492698,-122.1400843,22.98968133,12/10/2012 2:52:10 PM -08:00
12/10/2012 14:52,47.6449279,-122.1401037,23.96659066,12/10/2012 2:52:11 PM -08:00
12/10/2012 14:52,47.64492912,-122.1401237,22.98968133,12/10/2012 2:52:12 PM -08:00
12/10/2012 14:52,47.64492941,-122.1401428,22.98968133,12/10/2012 2:52:13 PM -08:00
12/10/2012 14:52,47.64492882,-122.1401573,24.98516278,12/10/2012 2:52:14 PM -08:00
12/10/2012 14:52,47.644931,-122.1401718,24.98516278,12/10/2012 2:52:15 PM -08:00
12/10/2012 14:52,47.64493218,-122.1401909,27.50254026,12/10/2012 2:52:16 PM -08:00
12/10/2012 14:52,47.64493452,-122.140207,27.50254026,12/10/2012 2:52:17 PM -08:00
12/10/2012 14:52,47.64493599,-122.1402221,29.97487717,12/10/2012 2:52:18 PM -08:00
12/10/2012 14:52,47.64493654,-122.1402421,25.96380655,12/10/2012 2:52:19 PM -08:00
12/10/2012 14:52,47.644938,-122.1402618,25.96380655,12/10/2012 2:52:20 PM -08:00
12/10/2012 14:52,47.64493968,-122.1402822,25.96380655,12/10/2012 2:52:21 PM -08:00
12/10/2012 14:52,47.64493612,-122.140306,25.96380655,12/10/2012 2:52:22 PM -08:00
12/10/2012 14:52,47.64492656,-122.14033,24.98516278,12/10/2012 2:52:23 PM -08:00
12/10/2012 14:52,47.64491449,-122.1403516,24.04966401,12/10/2012 2:52:24 PM -08:00
12/10/2012 14:52,47.6448958,-122.1403702,21.61472997,12/10/2012 2:52:25 PM -08:00
12/10/2012 14:52,47.64487422,-122.1403857,18.41342067,12/10/2012 2:52:26 PM -08:00
12/10/2012 14:52,47.64485079,-122.1403929,16.66508819,12/10/2012 2:52:27 PM -08:00
12/10/2012 14:52,47.64482879,-122.1404008,14.69345634,12/10/2012 2:52:28 PM -08:00
12/10/2012 14:52,47.64480452,-122.1404056,13.5825365,12/10/2012 2:52:29 PM -08:00
12/10/2012 14:52,47.64477728,-122.1404042,11.75221974,12/10/2012 2:52:30 PM -08:00
12/10/2012 14:52,47.64475368,-122.1404064,11.75221974,12/10/2012 2:52:31 PM -08:00
12/10/2012 14:52,47.64473147,-122.1404091,9.809766572,12/10/2012 2:52:32 PM -08:00
12/10/2012 14:52,47.64471232,-122.1404114,9.809766572,12/10/2012 2:52:33 PM -08:00
12/10/2012 14:52,47.64469019,-122.1404094,8.051034635,12/10/2012 2:52:34 PM -08:00
12/10/2012 14:52,47.64467049,-122.14041,5.692941186,12/10/2012 2:52:35 PM -08:00
12/10/2012 14:52,47.64465084,-122.1404091,5.692941186,12/10/2012 2:52:36 PM -08:00
12/10/2012 14:52,47.64463236,-122.1404077,5.692941186,12/10/2012 2:52:37 PM -08:00
12/10/2012 14:52,47.64461434,-122.140408,5.692941186,12/10/2012 2:52:38 PM -08:00
12/10/2012 14:52,47.64459933,-122.1404072,5.692941186,12/10/2012 2:52:39 PM -08:00
12/10/2012 14:52,47.6445816,-122.1404068,3.994431776,12/10/2012 2:52:40 PM -08:00
12/10/2012 14:52,47.64456639,-122.1404067,5.692941186,12/10/2012 2:52:41 PM -08:00
12/10/2012 14:52,47.64455155,-122.1404075,3.994431776,12/10/2012 2:52:42 PM -08:00
12/10/2012 14:52,47.64453638,-122.1404067,3.994431776,12/10/2012 2:52:43 PM -08:00
12/10/2012 14:52,47.6445218,-122.1404058,3.994431776,12/10/2012 2:52:44 PM -08:00
12/10/2012 14:52,47.64450851,-122.1404058,5.692941186,12/10/2012 2:52:45 PM -08:00
12/10/2012 14:52,47.64449443,-122.1404038,5.692941186,12/10/2012 2:52:46 PM -08:00
12/10/2012 14:52,47.64447796,-122.1404015,5.692941186,12/10/2012 2:52:47 PM -08:00
12/10/2012 14:52,47.64446237,-122.1403982,5.692941186,12/10/2012 2:52:48 PM -08:00
12/10/2012 14:52,47.64444808,-122.1403968,3.994431776,12/10/2012 2:52:49 PM -08:00
12/10/2012 14:52,47.64443291,-122.1403947,3.994431776,12/10/2012 2:52:50 PM -08:00
12/10/2012 14:52,47.64442184,-122.1403937,3.994431776,12/10/2012 2:52:51 PM -08:00
12/10/2012 14:52,47.64441112,-122.1403925,3.994431776,12/10/2012 2:52:52 PM -08:00
12/10/2012 14:52,47.64439917,-122.1403892,3.994431776,12/10/2012 2:52:53 PM -08:00
12/10/2012 14:52,47.64438425,-122.1403888,3.994431776,12/10/2012 2:52:54 PM -08:00
12/10/2012 14:52,47.64437042,-122.140388,3.994431776,12/10/2012 2:52:55 PM -08:00
12/10/2012 14:52,47.64435944,-122.140392,3.994431776,12/10/2012 2:52:56 PM -08:00
12/10/2012 14:52,47.64434523,-122.1404002,3.994431776,12/10/2012 2:52:57 PM -08:00
12/10/2012 14:52,47.64433639,-122.1404129,3.994431776,12/10/2012 2:52:58 PM -08:00
12/10/2012 14:52,47.64433187,-122.1404236,3.994431776,12/10/2012 2:52:59 PM -08:00
12/10/2012 14:53,47.64432713,-122.1404367,5.692941186,12/10/2012 2:53:00 PM -08:00
12/10/2012 14:53,47.64432612,-122.1404508,8.051034635,12/10/2012 2:53:01 PM -08:00
12/10/2012 14:53,47.64432688,-122.1404634,10.59183674,12/10/2012 2:53:02 PM -08:00
12/10/2012 14:53,47.64432566,-122.140475,13.02025462,12/10/2012 2:53:03 PM -08:00
12/10/2012 14:53,47.64432717,-122.14049,13.02025462,12/10/2012 2:53:04 PM -08:00
12/10/2012 14:53,47.64432872,-122.1405194,10.59183674,12/10/2012 2:53:05 PM -08:00
12/10/2012 14:53,Mark,,,
12/10/2012 14:53,47.6443304,-122.1405444,13.02025462,12/10/2012 2:53:06 PM -08:00
12/10/2012 14:53,47.64433015,-122.1405679,11.75221974,12/10/2012 2:53:07 PM -08:00
12/10/2012 14:53,47.64433195,-122.1405978,11.75221974,12/10/2012 2:53:08 PM -08:00
12/10/2012 14:53,47.64433551,-122.1406238,11.75221974,12/10/2012 2:53:09 PM -08:00
12/10/2012 14:53,47.64433375,-122.1406484,10.59183674,12/10/2012 2:53:10 PM -08:00
12/10/2012 14:53,47.64433585,-122.1406707,9.809766572,12/10/2012 2:53:11 PM -08:00
12/10/2012 14:53,47.64433807,-122.1406927,8.051034635,12/10/2012 2:53:12 PM -08:00
12/10/2012 14:53,47.64434025,-122.1407089,9.809766572,12/10/2012 2:53:13 PM -08:00
12/10/2012 14:53,47.64434109,-122.140732,10.59183674,12/10/2012 2:53:14 PM -08:00
12/10/2012 14:53,47.64434213,-122.140751,11.75221974,12/10/2012 2:53:15 PM -08:00
12/10/2012 14:53,47.64434234,-122.1407724,15.55073383,12/10/2012 2:53:16 PM -08:00
12/10/2012 14:53,47.64434222,-122.1407882,15.55073383,12/10/2012 2:53:17 PM -08:00
12/10/2012 14:53,47.64433878,-122.1408189,15.55073383,12/10/2012 2:53:18 PM -08:00
12/10/2012 14:53,47.64433807,-122.1408344,16.66508819,12/10/2012 2:53:19 PM -08:00
12/10/2012 14:53,47.64433698,-122.1408541,18.00266073,12/10/2012 2:53:20 PM -08:00
12/10/2012 14:53,47.64433597,-122.1408717,21.61472997,12/10/2012 2:53:21 PM -08:00
12/10/2012 14:53,47.64432943,-122.1408938,21.61472997,12/10/2012 2:53:22 PM -08:00
12/10/2012 14:53,47.64432482,-122.1409082,26.58061003,12/10/2012 2:53:23 PM -08:00
12/10/2012 14:53,47.64432378,-122.1409203,22.98968133,12/10/2012 2:53:24 PM -08:00
12/10/2012 14:53,47.64432172,-122.1409326,24.04966401,12/10/2012 2:53:25 PM -08:00
12/10/2012 14:53,47.64432038,-122.1409424,26.58061003,12/10/2012 2:53:26 PM -08:00
12/10/2012 14:53,47.64432034,-122.1409534,30.22336064,12/10/2012 2:53:27 PM -08:00
12/10/2012 14:53,47.64432478,-122.1409626,36.29496863,12/10/2012 2:53:28 PM -08:00
12/10/2012 14:53,47.64432927,-122.1409723,39.26447197,12/10/2012 2:53:29 PM -08:00
12/10/2012 14:53,47.64434259,-122.1409877,44.08036903,12/10/2012 2:53:30 PM -08:00
12/10/2012 14:53,47.64435244,-122.1409988,46.46478875,12/10/2012 2:53:31 PM -08:00
12/10/2012 14:53,47.64436066,-122.1410139,51.8987991,12/10/2012 2:53:32 PM -08:00
12/10/2012 14:53,47.64435626,-122.1410306,53.07674028,12/10/2012 2:53:33 PM -08:00
12/10/2012 14:53,47.64435387,-122.1410483,60.92736132,12/10/2012 2:53:34 PM -08:00
12/10/2012 14:53,47.64434699,-122.1410759,67.00726275,12/10/2012 2:53:35 PM -08:00
12/10/2012 14:53,47.64433383,-122.1411176,62.22297172,12/10/2012 2:53:36 PM -08:00
12/10/2012 14:53,47.64432441,-122.1411487,64.47017837,12/10/2012 2:53:37 PM -08:00
12/10/2012 14:53,47.64431401,-122.1411817,70.11621697,12/10/2012 2:53:38 PM -08:00
12/10/2012 14:53,47.64430391,-122.1412117,69.99522254,12/10/2012 2:53:39 PM -08:00
12/10/2012 14:53,47.64430198,-122.1412349,74.84897959,12/10/2012 2:53:40 PM -08:00
12/10/2012 14:53,47.64429842,-122.141246,82.2655382,12/10/2012 2:53:41 PM -08:00
12/10/2012 14:53,47.6442967,-122.141255,90.5820527,12/10/2012 2:53:42 PM -08:00
12/10/2012 14:53,47.64429121,-122.1412827,85.74664443,12/10/2012 2:53:43 PM -08:00
12/10/2012 14:53,47.64428702,-122.1413296,81.51051322,12/10/2012 2:53:44 PM -08:00
12/10/2012 14:53,47.64427906,-122.1413883,76.77275533,12/10/2012 2:53:45 PM -08:00
12/10/2012 14:53,47.64421586,-122.141725,66.09698401,12/10/2012 2:53:46 PM -08:00
12/10/2012 14:53,47.64421632,-122.14173,58.13407961,12/10/2012 2:53:47 PM -08:00
12/10/2012 14:53,47.64420643,-122.1416915,48.18736046,12/10/2012 2:53:48 PM -08:00
12/10/2012 14:53,Mark,,,
12/10/2012 14:53,47.64420488,-122.1416571,35.46112912,12/10/2012 2:53:49 PM -08:00
12/10/2012 14:53,47.64421469,-122.1416341,29.38691269,12/10/2012 2:53:50 PM -08:00
12/10/2012 14:53,47.644219,-122.1416122,26.84194254,12/10/2012 2:53:51 PM -08:00
12/10/2012 14:53,47.64422022,-122.1415944,24.48117467,12/10/2012 2:53:52 PM -08:00
12/10/2012 14:53,47.64421557,-122.1415845,22.73889713,12/10/2012 2:53:53 PM -08:00
12/10/2012 14:53,47.64420697,-122.1415774,21.9353049,12/10/2012 2:53:54 PM -08:00
12/10/2012 14:53,47.64419755,-122.1415718,20.76768426,12/10/2012 2:53:55 PM -08:00
12/10/2012 14:53,47.6441838,-122.1415649,20.76768426,12/10/2012 2:53:56 PM -08:00
12/10/2012 14:53,47.64417072,-122.1415595,20.76768426,12/10/2012 2:53:57 PM -08:00
12/10/2012 14:53,47.64416046,-122.1415585,19.61953314,12/10/2012 2:53:58 PM -08:00
12/10/2012 14:53,47.64415019,-122.141562,20.76768426,12/10/2012 2:53:59 PM -08:00
12/10/2012 14:54,47.64414357,-122.1415696,20.76768426,12/10/2012 2:54:00 PM -08:00
12/10/2012 14:54,47.6441364,-122.1415764,20.76768426,12/10/2012 2:54:01 PM -08:00
12/10/2012 14:54,47.6441302,-122.1415875,20.76768426,12/10/2012 2:54:02 PM -08:00
12/10/2012 14:54,47.64411989,-122.1415985,20.76768426,12/10/2012 2:54:03 PM -08:00
12/10/2012 14:54,47.6441105,-122.1416061,20.76768426,12/10/2012 2:54:04 PM -08:00
12/10/2012 14:54,47.6440952,-122.1416121,20.76768426,12/10/2012 2:54:05 PM -08:00
12/10/2012 14:54,47.64407785,-122.1416202,21.9353049,12/10/2012 2:54:06 PM -08:00
12/10/2012 14:54,47.64405933,-122.1416212,19.61953314,12/10/2012 2:54:07 PM -08:00
12/10/2012 14:54,47.6440403,-122.1416187,18.41342067,12/10/2012 2:54:08 PM -08:00
12/10/2012 14:54,47.64402153,-122.141617,18.41342067,12/10/2012 2:54:09 PM -08:00
12/10/2012 14:54,47.64400392,-122.1416149,18.41342067,12/10/2012 2:54:10 PM -08:00
12/10/2012 14:54,47.64398733,-122.1416123,18.41342067,12/10/2012 2:54:11 PM -08:00
12/10/2012 14:54,47.64397593,-122.1416108,19.61953314,12/10/2012 2:54:12 PM -08:00
12/10/2012 14:54,47.64396478,-122.1416102,19.61953314,12/10/2012 2:54:13 PM -08:00
12/10/2012 14:54,47.64394697,-122.1416088,19.61953314,12/10/2012 2:54:14 PM -08:00
12/10/2012 14:54,47.64393255,-122.1416083,18.41342067,12/10/2012 2:54:15 PM -08:00
12/10/2012 14:54,47.64391843,-122.1416089,19.61953314,12/10/2012 2:54:16 PM -08:00
12/10/2012 14:54,47.64390175,-122.1416132,20.76768426,12/10/2012 2:54:17 PM -08:00
12/10/2012 14:54,47.64388553,-122.1416093,16.66508819,12/10/2012 2:54:18 PM -08:00
12/10/2012 14:54,47.64386864,-122.1416114,16.66508819,12/10/2012 2:54:19 PM -08:00
12/10/2012 14:54,47.64385422,-122.1416083,16.66508819,12/10/2012 2:54:20 PM -08:00
12/10/2012 14:54,47.64383381,-122.141613,15.55073383,12/10/2012 2:54:21 PM -08:00
12/10/2012 14:54,47.64382258,-122.1416075,15.55073383,12/10/2012 2:54:22 PM -08:00
12/10/2012 14:54,47.64380682,-122.1416085,15.55073383,12/10/2012 2:54:23 PM -08:00
12/10/2012 14:54,47.64379358,-122.141609,20.52619135,12/10/2012 2:54:24 PM -08:00
12/10/2012 14:54,47.64378029,-122.1416048,24.98516278,12/10/2012 2:54:25 PM -08:00
12/10/2012 14:54,47.6437663,-122.1415944,32.64241485,12/10/2012 2:54:26 PM -08:00
12/10/2012 14:54,47.64375615,-122.1415969,38.00618398,12/10/2012 2:54:27 PM -08:00
12/10/2012 14:54,47.64374061,-122.1416029,44.08036903,12/10/2012 2:54:28 PM -08:00
12/10/2012 14:54,47.64373256,-122.1416054,48.2028789,12/10/2012 2:54:29 PM -08:00
12/10/2012 14:54,47.64371412,-122.1416238,52.31981395,12/10/2012 2:54:30 PM -08:00
12/10/2012 14:54,47.64369807,-122.141635,42.11355962,12/10/2012 2:54:31 PM -08:00
12/10/2012 14:54,47.64368302,-122.1416419,38.00618398,12/10/2012 2:54:32 PM -08:00
12/10/2012 14:54,Mark,,,
12/10/2012 14:54,47.64366861,-122.1416476,36.29496863,12/10/2012 2:54:33 PM -08:00
12/10/2012 14:54,47.64364778,-122.1416567,36.29496863,12/10/2012 2:54:34 PM -08:00
12/10/2012 14:54,47.64363457,-122.1416562,40.14354253,12/10/2012 2:54:35 PM -08:00
12/10/2012 14:54,47.64361588,-122.141659,44.22153499,12/10/2012 2:54:36 PM -08:00
12/10/2012 14:54,47.64360541,-122.1416641,46.46478875,12/10/2012 2:54:37 PM -08:00
12/10/2012 14:54,47.6436036,-122.1416514,44.08036903,12/10/2012 2:54:38 PM -08:00
12/10/2012 14:54,47.6436023,-122.1416389,37.21071017,12/10/2012 2:54:39 PM -08:00
12/10/2012 14:54,47.64360381,-122.1416246,36.08831502,12/10/2012 2:54:40 PM -08:00
12/10/2012 14:54,47.64360863,-122.1416072,37.31107188,12/10/2012 2:54:41 PM -08:00
12/10/2012 14:54,47.6436093,-122.1415942,41.42718767,12/10/2012 2:54:42 PM -08:00
12/10/2012 14:54,47.6436101,-122.1415705,47.69333141,12/10/2012 2:54:43 PM -08:00
12/10/2012 14:54,47.64360779,-122.1415461,50.90452358,12/10/2012 2:54:44 PM -08:00
12/10/2012 14:54,47.64359451,-122.1415222,54.15549488,12/10/2012 2:54:45 PM -08:00
12/10/2012 14:54,47.64357158,-122.1414975,54.70512495,12/10/2012 2:54:46 PM -08:00
12/10/2012 14:54,47.64352025,-122.1414773,40.42204111,12/10/2012 2:54:47 PM -08:00
12/10/2012 14:54,47.64347767,-122.1414616,42.66055007,12/10/2012 2:54:48 PM -08:00
12/10/2012 14:54,47.64345436,-122.1414274,40.20559782,12/10/2012 2:54:49 PM -08:00
12/10/2012 14:54,47.64342587,-122.1414017,40.20559782,12/10/2012 2:54:50 PM -08:00
12/10/2012 14:54,47.64340349,-122.1413609,37.21071017,12/10/2012 2:54:51 PM -08:00
12/10/2012 14:54,47.64338538,-122.1413224,39.16911571,12/10/2012 2:54:52 PM -08:00
12/10/2012 14:54,47.64336841,-122.1412861,37.31107188,12/10/2012 2:54:53 PM -08:00
12/10/2012 14:54,47.64336665,-122.1412719,34.31784161,12/10/2012 2:54:54 PM -08:00
12/10/2012 14:54,47.64335462,-122.141257,33.54639052,12/10/2012 2:54:55 PM -08:00
12/10/2012 14:54,47.64334393,-122.141256,37.47774417,12/10/2012 2:54:56 PM -08:00
12/10/2012 14:54,47.64333128,-122.1412667,37.6105502,12/10/2012 2:54:57 PM -08:00
12/10/2012 14:54,47.64332046,-122.1412586,28.56961306,12/10/2012 2:54:58 PM -08:00
12/10/2012 14:54,47.64331196,-122.1412548,27.68324221,12/10/2012 2:54:59 PM -08:00
12/10/2012 14:55,47.6433016,-122.1412457,27.68324221,12/10/2012 2:55:00 PM -08:00
12/10/2012 14:55,47.64329439,-122.141233,27.68324221,12/10/2012 2:55:01 PM -08:00
12/10/2012 14:55,47.64328522,-122.1412206,32.64241485,12/10/2012 2:55:02 PM -08:00
12/10/2012 14:55,47.64328119,-122.1412054,30.22336064,12/10/2012 2:55:03 PM -08:00
12/10/2012 14:55,47.64327495,-122.141197,29.38691269,12/10/2012 2:55:04 PM -08:00
12/10/2012 14:55,47.64326657,-122.1411995,30.22336064,12/10/2012 2:55:05 PM -08:00
12/10/2012 14:55,47.64325953,-122.141204,28.56961306,12/10/2012 2:55:06 PM -08:00
12/10/2012 14:55,Mark,,,
12/10/2012 14:55,47.64324444,-122.1412144,24.98516278,12/10/2012 2:55:07 PM -08:00
12/10/2012 14:55,47.64323103,-122.1412273,23.96659066,12/10/2012 2:55:08 PM -08:00
12/10/2012 14:55,47.64321506,-122.1412431,23.96659066,12/10/2012 2:55:09 PM -08:00
12/10/2012 14:55,47.64319608,-122.141259,21.96937477,12/10/2012 2:55:10 PM -08:00
12/10/2012 14:55,47.6431804,-122.1412723,22.98968133,12/10/2012 2:55:11 PM -08:00
12/10/2012 14:55,47.64316632,-122.1412819,21.61472997,12/10/2012 2:55:12 PM -08:00
12/10/2012 14:55,47.64315278,-122.1412913,20.52619135,12/10/2012 2:55:13 PM -08:00
12/10/2012 14:55,47.64314,-122.1412958,21.61472997,12/10/2012 2:55:14 PM -08:00
12/10/2012 14:55,47.64312848,-122.1413025,25.70324512,12/10/2012 2:55:15 PM -08:00
12/10/2012 14:55,47.64311741,-122.1412902,21.61472997,12/10/2012 2:55:16 PM -08:00
12/10/2012 14:55,47.64310635,-122.1412856,22.73889713,12/10/2012 2:55:17 PM -08:00
12/10/2012 14:55,47.6430957,-122.1412773,24.04966401,12/10/2012 2:55:18 PM -08:00
12/10/2012 14:55,47.64308665,-122.1412653,25.70324512,12/10/2012 2:55:19 PM -08:00
12/10/2012 14:55,47.6430742,-122.1412619,22.73889713,12/10/2012 2:55:20 PM -08:00
12/10/2012 14:55,47.64306192,-122.141257,22.73889713,12/10/2012 2:55:21 PM -08:00
12/10/2012 14:55,47.64304688,-122.1412596,21.61472997,12/10/2012 2:55:22 PM -08:00
12/10/2012 14:55,47.64303095,-122.1412668,19.63223598,12/10/2012 2:55:23 PM -08:00
12/10/2012 14:55,47.64301369,-122.141275,18.41342067,12/10/2012 2:55:24 PM -08:00
12/10/2012 14:55,47.6429978,-122.1412812,15.86812847,12/10/2012 2:55:25 PM -08:00
12/10/2012 14:55,47.64298028,-122.141288,15.86812847,12/10/2012 2:55:26 PM -08:00
12/10/2012 14:55,47.64296415,-122.1412943,18.41342067,12/10/2012 2:55:27 PM -08:00
12/10/2012 14:55,47.64294617,-122.1412991,15.86812847,12/10/2012 2:55:28 PM -08:00
12/10/2012 14:55,47.64292848,-122.1413039,13.5825365,12/10/2012 2:55:29 PM -08:00
12/10/2012 14:55,47.64291545,-122.1413064,13.5825365,12/10/2012 2:55:30 PM -08:00
12/10/2012 14:55,47.6429033,-122.1413127,13.5825365,12/10/2012 2:55:31 PM -08:00
12/10/2012 14:55,47.64289441,-122.1413208,14.69345634,12/10/2012 2:55:32 PM -08:00
12/10/2012 14:55,47.64288641,-122.1413235,16.66508819,12/10/2012 2:55:33 PM -08:00
12/10/2012 14:55,47.6428776,-122.1413342,16.66508819,12/10/2012 2:55:34 PM -08:00
12/10/2012 14:55,Mark,,,
12/10/2012 14:55,47.64287249,-122.1413435,18.41342067,12/10/2012 2:55:35 PM -08:00
12/10/2012 14:55,47.64286541,-122.1413437,18.41342067,12/10/2012 2:55:36 PM -08:00
12/10/2012 14:55,47.64285028,-122.1413473,14.69345634,12/10/2012 2:55:37 PM -08:00
12/10/2012 14:55,47.64283754,-122.1413449,14.69345634,12/10/2012 2:55:38 PM -08:00
12/10/2012 14:55,47.64282409,-122.141344,11.75221974,12/10/2012 2:55:39 PM -08:00
12/10/2012 14:55,47.64280845,-122.1413427,13.02025462,12/10/2012 2:55:40 PM -08:00
12/10/2012 14:55,47.64279332,-122.1413455,13.02025462,12/10/2012 2:55:41 PM -08:00
12/10/2012 14:55,47.64277556,-122.141342,11.75221974,12/10/2012 2:55:42 PM -08:00
12/10/2012 14:55,47.64275615,-122.1413429,10.59183674,12/10/2012 2:55:43 PM -08:00
12/10/2012 14:55,47.64273935,-122.1413443,9.809766572,12/10/2012 2:55:44 PM -08:00
12/10/2012 14:55,47.64272267,-122.1413461,10.59183674,12/10/2012 2:55:45 PM -08:00
12/10/2012 14:55,47.6427121,-122.1413465,11.75221974,12/10/2012 2:55:46 PM -08:00
12/10/2012 14:55,47.64269672,-122.1413502,11.75221974,12/10/2012 2:55:47 PM -08:00
12/10/2012 14:55,47.64268319,-122.1413526,13.5825365,12/10/2012 2:55:48 PM -08:00
12/10/2012 14:55,47.64266596,-122.1413518,11.75221974,12/10/2012 2:55:49 PM -08:00
12/10/2012 14:55,47.64265134,-122.1413472,11.05256457,12/10/2012 2:55:50 PM -08:00
12/10/2012 14:55,47.64263562,-122.1413421,11.75221974,12/10/2012 2:55:51 PM -08:00
12/10/2012 14:55,47.64262254,-122.1413401,11.75221974,12/10/2012 2:55:52 PM -08:00
12/10/2012 14:55,47.642608,-122.1413392,11.75221974,12/10/2012 2:55:53 PM -08:00
12/10/2012 14:55,47.64259874,-122.1413372,11.75221974,12/10/2012 2:55:54 PM -08:00
12/10/2012 14:55,47.64259124,-122.141335,13.02025462,12/10/2012 2:55:55 PM -08:00
12/10/2012 14:55,47.64258608,-122.1413373,14.69345634,12/10/2012 2:55:56 PM -08:00
12/10/2012 14:55,47.64257045,-122.1413386,11.75221974,12/10/2012 2:55:57 PM -08:00
12/10/2012 14:55,47.64256018,-122.1413376,13.02025462,12/10/2012 2:55:58 PM -08:00
12/10/2012 14:55,47.64254644,-122.141338,13.02025462,12/10/2012 2:55:59 PM -08:00
12/10/2012 14:56,47.64253491,-122.1413427,13.02025462,12/10/2012 2:56:00 PM -08:00
12/10/2012 14:56,47.64251999,-122.141347,15.55073383,12/10/2012 2:56:01 PM -08:00
12/10/2012 14:56,47.64250159,-122.1413535,18.00266073,12/10/2012 2:56:02 PM -08:00
12/10/2012 14:56,47.64248726,-122.1413564,19.63223598,12/10/2012 2:56:03 PM -08:00
12/10/2012 14:56,47.64248726,-122.1413564,19.63223598,12/10/2012 2:56:03 PM -08:00
12/10/2012 14:56,47.64245905,-122.1413605,19.63223598,12/10/2012 2:56:05 PM -08:00
12/10/2012 14:56,47.64244284,-122.1413612,20.76768426,12/10/2012 2:56:06 PM -08:00
12/10/2012 14:56,47.64242947,-122.1413582,20.76768426,12/10/2012 2:56:07 PM -08:00
12/10/2012 14:56,47.64240323,-122.1413529,19.63223598,12/10/2012 2:56:08 PM -08:00
12/10/2012 14:56,47.6423907,-122.1413502,20.76768426,12/10/2012 2:56:09 PM -08:00
12/10/2012 14:56,47.64237829,-122.1413518,20.76768426,12/10/2012 2:56:10 PM -08:00
12/10/2012 14:56,47.64236534,-122.1413522,21.9353049,12/10/2012 2:56:11 PM -08:00
12/10/2012 14:56,47.64235068,-122.1413525,23.73663986,12/10/2012 2:56:12 PM -08:00
12/10/2012 14:56,47.64233349,-122.1413615,24.9651986,12/10/2012 2:56:13 PM -08:00
12/10/2012 14:56,47.64231518,-122.1413663,23.73663986,12/10/2012 2:56:14 PM -08:00
12/10/2012 14:56,47.64229842,-122.1413712,23.73663986,12/10/2012 2:56:15 PM -08:00
12/10/2012 14:56,47.64228446,-122.1413835,22.73889713,12/10/2012 2:56:16 PM -08:00
12/10/2012 14:56,47.64226707,-122.1413856,22.73889713,12/10/2012 2:56:17 PM -08:00
12/10/2012 14:56,47.64225177,-122.14139,23.73663986,12/10/2012 2:56:18 PM -08:00
12/10/2012 14:56,47.64223878,-122.1413927,22.73889713,12/10/2012 2:56:19 PM -08:00
12/10/2012 14:56,47.64222922,-122.1413952,23.73663986,12/10/2012 2:56:20 PM -08:00
12/10/2012 14:56,47.6422177,-122.1413977,23.73663986,12/10/2012 2:56:21 PM -08:00
12/10/2012 14:56,Mark,,,
12/10/2012 14:56,47.64221041,-122.1414054,23.73663986,12/10/2012 2:56:22 PM -08:00
12/10/2012 14:56,47.64220311,-122.1414198,23.73663986,12/10/2012 2:56:23 PM -08:00
12/10/2012 14:56,47.64219947,-122.1414384,22.73889713,12/10/2012 2:56:24 PM -08:00
12/10/2012 14:56,47.64219603,-122.141453,22.73889713,12/10/2012 2:56:25 PM -08:00
12/10/2012 14:56,47.6421871,-122.1414552,17.69537785,12/10/2012 2:56:26 PM -08:00
12/10/2012 14:56,47.64218777,-122.1414441,17.69537785,12/10/2012 2:56:27 PM -08:00
12/10/2012 14:56,47.64218786,-122.1414382,17.69537785,12/10/2012 2:56:28 PM -08:00
12/10/2012 14:56,47.64218777,-122.1414351,15.86812847,12/10/2012 2:56:29 PM -08:00
12/10/2012 14:56,47.64218761,-122.1414334,15.86812847,12/10/2012 2:56:30 PM -08:00
12/10/2012 14:56,47.64218807,-122.1414327,18.41342067,12/10/2012 2:56:31 PM -08:00
12/10/2012 14:56,47.64218819,-122.1414322,20.76768426,12/10/2012 2:56:32 PM -08:00
12/10/2012 14:56,47.64218832,-122.1414319,21.9353049,12/10/2012 2:56:33 PM -08:00
12/10/2012 14:56,47.64218819,-122.1414315,25.67413062,12/10/2012 2:56:34 PM -08:00
12/10/2012 14:56,47.64218811,-122.1414306,25.67413062,12/10/2012 2:56:35 PM -08:00
12/10/2012 14:56,47.64218832,-122.1414303,25.67413062,12/10/2012 2:56:36 PM -08:00
12/10/2012 14:56,47.64218853,-122.1414303,27.50254026,12/10/2012 2:56:37 PM -08:00
12/10/2012 14:56,47.64218861,-122.1414302,27.50254026,12/10/2012 2:56:38 PM -08:00
12/10/2012 14:56,47.64218865,-122.1414301,24.9651986,12/10/2012 2:56:39 PM -08:00
12/10/2012 14:56,47.64218865,-122.1414301,24.9651986,12/10/2012 2:56:40 PM -08:00
12/10/2012 14:56,47.6421887,-122.14143,24.9651986,12/10/2012 2:56:41 PM -08:00
12/10/2012 14:56,47.6421887,-122.14143,26.84194254,12/10/2012 2:56:42 PM -08:00
12/10/2012 14:56,47.6421887,-122.14143,28.11218823,12/10/2012 2:56:43 PM -08:00
12/10/2012 14:56,47.6421887,-122.14143,30.04134039,12/10/2012 2:56:44 PM -08:00
12/10/2012 14:56,47.6421887,-122.14143,31.34102038,12/10/2012 2:56:45 PM -08:00
12/10/2012 14:56,47.6421887,-122.14143,37.11007704,12/10/2012 2:56:46 PM -08:00
12/10/2012 14:56,47.6421887,-122.1414298,35.14333902,12/10/2012 2:56:47 PM -08:00
12/10/2012 14:56,47.64218865,-122.1414297,35.14333902,12/10/2012 2:56:48 PM -08:00
12/10/2012 14:56,47.64218865,-122.1414297,37.11007704,12/10/2012 2:56:49 PM -08:00
12/10/2012 14:56,47.64218865,-122.1414297,37.92738739,12/10/2012 2:56:50 PM -08:00
12/10/2012 14:56,47.64218865,-122.1414297,39.22000123,12/10/2012 2:56:51 PM -08:00
12/10/2012 14:56,47.64218857,-122.141428,35.39075571,12/10/2012 2:56:52 PM -08:00
12/10/2012 14:56,47.64218853,-122.141427,37.31107188,12/10/2012 2:56:53 PM -08:00
12/10/2012 14:56,47.64218832,-122.141424,40.94292571,12/10/2012 2:56:54 PM -08:00
12/10/2012 14:56,47.64218803,-122.1414196,53.1096095,12/10/2012 2:56:55 PM -08:00
12/10/2012 14:56,47.64218786,-122.1414174,67.80246439,12/10/2012 2:56:56 PM -08:00
12/10/2012 14:56,47.64218752,-122.1414114,79.31864386,12/10/2012 2:56:57 PM -08:00
12/10/2012 14:56,47.64218715,-122.141399,75.60787781,12/10/2012 2:56:58 PM -08:00
12/10/2012 14:56,47.64218622,-122.1413814,77.67346939,12/10/2012 2:56:59 PM -08:00
12/10/2012 14:57,47.64218551,-122.1413651,79.65111304,12/10/2012 2:57:00 PM -08:00
12/10/2012 14:57,47.64218471,-122.1413487,80.94578263,12/10/2012 2:57:01 PM -08:00
12/10/2012 14:57,47.64218383,-122.1413353,80.73607818,12/10/2012 2:57:02 PM -08:00
12/10/2012 14:57,47.64218321,-122.1413273,80.73607818,12/10/2012 2:57:03 PM -08:00
12/10/2012 14:57,47.6421827,-122.1413227,78.20445593,12/10/2012 2:57:04 PM -08:00
12/10/2012 14:57,47.64218237,-122.1413208,72.14899203,12/10/2012 2:57:05 PM -08:00
12/10/2012 14:57,47.64218228,-122.1413201,69.16396396,12/10/2012 2:57:06 PM -08:00
12/10/2012 14:57,47.64218224,-122.1413197,64.73644965,12/10/2012 2:57:07 PM -08:00
12/10/2012 14:57,47.6421822,-122.1413197,60.87823955,12/10/2012 2:57:08 PM -08:00
12/10/2012 14:57,47.6421822,-122.1413197,57.23513395,12/10/2012 2:57:09 PM -08:00
12/10/2012 14:57,47.6421822,-122.1413197,56.35724244,12/10/2012 2:57:10 PM -08:00
12/10/2012 14:57,47.6421822,-122.1413197,55.24928746,12/10/2012 2:57:11 PM -08:00
12/10/2012 14:57,47.6421822,-122.1413197,53.94793995,12/10/2012 2:57:12 PM -08:00
12/10/2012 14:57,47.6421822,-122.1413197,55.08207726,12/10/2012 2:57:13 PM -08:00
12/10/2012 14:57,47.6421822,-122.1413197,55.08207726,12/10/2012 2:57:14 PM -08:00
